Date,Open,High,Low,Close,Volume,Ex-Dividend,Split Ratio,Adj. Open,Adj. High,Adj. Low,Adj. Close,Adj. Volume
2010-01-04,10.17,10.28,10.0455,10.28,60855800.0,0.0,1.0,8.0160559059317,8.102758575514,7.9179242480862,8.102758575514,60855800.0
2010-01-05,10.45,11.24,10.4,10.96,215620200.0,0.0,1.0,8.2367536103231,8.8594364191418,8.1973433059675,8.6387387147504,215620200.0
2010-01-06,11.21,11.46,11.13,11.37,200070600.0,0.0,1.0,8.8357902365284,9.0328417583065,8.7727337495594,8.9619032104664,200070600.0
2010-01-07,11.46,11.69,11.32,11.66,130201700.0,0.0,1.0,9.0328417583065,9.2141291583423,8.9224929061108,9.1904829757289,130201700.0
2010-01-08,11.67,11.74,11.46,11.69,130463000.0,0.0,1.0,9.1983650366001,9.2535394626979,9.0328417583065,9.2141291583423,130463000.0
2010-01-11,11.9,12.14,11.78,12.11,170626200.0,0.0,1.0,9.3796524366359,9.5688218975428,9.2850677061824,9.5451757149295,170626200.0
2010-01-12,11.98,12.03,11.72,11.87,162995900.0,0.0,1.0,9.4427089236049,9.4821192279605,9.2377753409557,9.3560062540225,162995900.0
2010-01-13,11.91,11.93,11.47,11.68,154527100.0,0.0,1.0,9.387534497507,9.4032986192492,9.0407238191776,9.2062470974712,154527100.0
2010-01-14,11.68,11.86,11.51,11.76,116531200.0,0.0,1.0,9.2062470974712,9.3481241931514,9.0722520626621,9.2693035844402,116531200.0
2010-01-15,11.74,11.76,11.55,11.6,96149800.0,0.0,1.0,9.2535394626979,9.2693035844402,9.1037803061466,9.1431906105022,96149800.0
2010-01-19,11.51,11.83,11.46,11.75,65934000.0,0.0,1.0,9.0722520626621,9.324478010538,9.0328417583065,9.261421523569,65934000.0
2010-01-20,11.68,11.69,11.5,11.51,71649500.0,0.0,1.0,9.2062470974712,9.2141291583423,9.064370001791,9.0722520626621,71649500.0
2010-01-21,11.53,11.62,11.01,11.18,121451400.0,0.0,1.0,9.0880161844043,9.1589547322444,8.678149019106,8.8121440539151,121451400.0
2010-01-22,11.01,11.12,10.41,10.52,161530100.0,0.0,1.0,8.678149019106,8.7648516886883,8.2052253668386,8.291928036421,161530100.0
2010-01-25,10.73,11.1,10.61,11.03,121621500.0,0.0,1.0,8.4574513147145,8.7490875669461,8.3628665842611,8.6939131408482,121621500.0
2010-01-26,11.17,11.46,11.07,11.19,108250500.0,0.0,1.0,8.8042619930439,9.0328417583065,8.7254413843327,8.8200261147862,108250500.0
2010-01-27,11.57,11.62,11.22,11.55,105091600.0,0.0,1.0,9.1195444278888,9.1589547322444,8.8436722973995,9.1037803061466,105091600.0
2010-01-28,11.55,11.95,11.27,11.41,203320000.0,0.0,1.0,9.1037803061466,9.4190627409915,8.8830826017552,8.9934314539509,203320000.0
2010-01-29,11.6,11.61,10.7,10.84,159741200.0,0.0,1.0,9.1431906105022,9.1510726713733,8.4338051321012,8.5441539842969,159741200.0
2010-02-01,11.14,11.18,10.93,11.12,82748200.0,0.0,1.0,8.7806158104306,8.8121440539151,8.615092532137,8.7648516886883,82748200.0
2010-02-02,11.26,11.52,11.19,11.39,119714900.0,0.0,1.0,8.875200540884,9.0801341235332,8.8200261147862,8.9776673322086,119714900.0
2010-02-03,11.49,11.66,11.42,11.64,90125500.0,0.0,1.0,9.0564879409199,9.1904829757289,9.001313514822,9.1747188539867,90125500.0
2010-02-04,11.49,11.53,11.0,11.06,129792200.0,0.0,1.0,9.0564879409199,9.0880161844043,8.6702669582348,8.7175593234616,129792200.0
2010-02-05,10.97,11.11,10.49,10.91,181535200.0,0.0,1.0,8.6466207756215,8.7569696278172,8.2682818538076,8.5993284103947,181535200.0
2010-02-08,11.09,11.32,10.88,10.97,92031400.0,0.0,1.0,8.741205506075,8.9224929061108,8.5756822277814,8.6466207756215,92031400.0
2010-02-09,11.18,11.22,11.02,11.15,83207100.0,0.0,1.0,8.8121440539151,8.8436722973995,8.6860310799771,8.7884978713017,83207100.0
2010-02-10,11.12,11.14,10.9,10.94,73395600.0,0.0,1.0,8.7648516886883,8.7806158104306,8.5914463495236,8.6229745930081,73395600.0
2010-02-11,11.0,11.185,10.88,11.18,65116200.0,0.0,1.0,8.6702669582348,8.8160850843506,8.5756822277814,8.8121440539151,65116200.0
2010-02-12,10.92,11.18,10.85,11.12,69465400.0,0.0,1.0,8.6072104712659,8.8121440539151,8.552036045168,8.7648516886883,69465400.0
2010-02-16,11.21,11.38,11.11,11.32,62537500.0,0.0,1.0,8.8357902365284,8.9697852713375,8.7569696278172,8.9224929061108,62537500.0
2010-02-17,11.43,11.52,11.35,11.49,65983200.0,0.0,1.0,9.0091955756931,9.0801341235332,8.9461390887241,9.0564879409199,65983200.0
2010-02-18,11.41,11.48,11.29,11.38,53406800.0,0.0,1.0,8.9934314539509,9.0486058800487,8.8988467234974,8.9697852713375,53406800.0
2010-02-19,11.35,11.4,11.26,11.29,46990000.0,0.0,1.0,8.9461390887241,8.9855493930798,8.875200540884,8.8988467234974,46990000.0
2010-02-22,11.36,11.38,11.18,11.21,41993100.0,0.0,1.0,8.9540211495953,8.9697852713375,8.8121440539151,8.8357902365284,41993100.0
2010-02-23,11.21,11.63,11.15,11.6,114688400.0,0.0,1.0,8.8357902365284,9.1668367931156,8.7884978713017,9.1431906105022,114688400.0
2010-02-24,11.72,11.88,11.65,11.73,84200800.0,0.0,1.0,9.2377753409557,9.3638883148936,9.1826009148578,9.2456574018268,84200800.0
2010-02-25,11.53,11.83,11.4,11.78,83114500.0,0.0,1.0,9.0880161844043,9.324478010538,8.9855493930798,9.2850677061824,83114500.0
2010-02-26,11.83,11.85,11.61,11.74,72368400.0,0.0,1.0,9.324478010538,9.3402421322803,9.1510726713733,9.2535394626979,72368400.0
2010-03-01,11.81,12.42,11.75,12.41,142605500.0,0.0,1.0,9.3087138887958,9.7895196019343,9.261421523569,9.7816375410631,142605500.0
2010-03-02,12.62,12.68,12.18,12.22,193706600.0,0.0,1.0,9.9471608193567,9.9944531845834,9.6003501410273,9.6318783845118,193706600.0
2010-03-03,12.46,12.83,12.35,12.69,157004600.0,0.0,1.0,9.8210478454187,10.11268409765,9.7343451758364,10.002335245455,157004600.0
2010-03-04,12.69,12.8,12.52,12.79,89836800.0,0.0,1.0,10.002335245455,10.089037915037,9.8683402106455,10.081155854166,89836800.0
2010-03-05,12.92,13.04,12.83,13.0,106920600.0,0.0,1.0,10.18362264549,10.278207375944,10.11268409765,10.246679132459,106920600.0
2010-03-08,12.94,12.96,12.79,12.93,78903200.0,0.0,1.0,10.199386767233,10.215150888975,10.081155854166,10.191504706362,78903200.0
2010-03-09,12.83,13.03,12.73,12.8,83934300.0,0.0,1.0,10.11268409765,10.270325315073,10.033863488939,10.089037915037,83934300.0
2010-03-10,12.88,12.95,12.8,12.82,56850600.0,0.0,1.0,10.152094402006,10.207268828104,10.089037915037,10.104802036779,56850600.0
2010-03-11,12.79,12.97,12.75,12.91,59274700.0,0.0,1.0,10.081155854166,10.223032949846,10.049627610681,10.175740584619,59274700.0
2010-03-12,13.02,13.37,12.98,13.34,104771000.0,0.0,1.0,10.262443254202,10.538315384691,10.230915010717,10.514669202078,104771000.0
2010-03-15,13.46,13.63,13.32,13.4,95072200.0,0.0,1.0,10.609253932531,10.74324896734,10.498905080335,10.561961567304,95072200.0
2010-03-16,13.49,13.51,13.32,13.49,74692700.0,0.0,1.0,10.632900115144,10.648664236887,10.498905080335,10.632900115144,74692700.0
2010-03-17,13.55,14.15,13.55,14.1,137318700.0,0.0,1.0,10.680192480371,11.153116132638,10.680192480371,11.113705828283,137318700.0
2010-03-18,14.23,14.54,13.65,13.73,235094400.0,0.0,1.0,11.216172619607,11.460516506612,10.759013089082,10.822069576051,235094400.0
2010-03-19,13.91,13.92,13.04,13.29,252411200.0,0.0,1.0,10.963946671732,10.971828732603,10.278207375944,10.475258897722,252411200.0
2010-03-22,12.98,14.0,12.81,13.99,170576100.0,0.0,1.0,10.230915010717,11.034885219572,10.096919975908,11.027003158701,170576100.0
2010-03-23,14.17,14.3,13.81,13.9,167002400.0,0.0,1.0,11.168880254381,11.271347045705,10.88512606302,10.95606461086,167002400.0
2010-03-24,13.77,14.05,13.76,13.9,91765400.0,0.0,1.0,10.853597819536,11.074295523927,10.845715758665,10.95606461086,91765400.0
2010-03-25,13.9,14.12,13.76,13.8,88909300.0,0.0,1.0,10.95606461086,11.129469950025,10.845715758665,10.877244002149,88909300.0
2010-03-26,13.89,13.98,13.76,13.86,60400400.0,0.0,1.0,10.948182549989,11.019121097829,10.845715758665,10.924536367376,60400400.0
2010-03-29,13.7,13.8841,13.39,13.57,158225000.0,0.0,1.0,10.798423393438,10.943532134075,10.554079506433,10.695956602113,158225000.0
2010-03-30,13.55,13.64,13.18,13.28,142055200.0,0.0,1.0,10.680192480371,10.751131028211,10.38855622814,10.467376836851,142055200.0
2010-03-31,12.82,12.95,12.42,12.57,433659100.0,0.0,1.0,10.104802036779,10.207268828104,9.7895196019343,9.9077505150011,433659100.0
2010-04-01,12.84,12.95,12.58,12.63,212952100.0,0.0,1.0,10.120566158521,10.207268828104,9.9156325758722,9.9550428802278,212952100.0
2010-04-05,12.89,12.92,12.76,12.77,88957200.0,0.0,1.0,10.159976462877,10.18362264549,10.057509671552,10.065391732424,88957200.0
2010-04-06,12.78,12.88,12.6,12.7,76423800.0,0.0,1.0,10.073273793295,10.152094402006,9.9313966976145,10.010217306326,76423800.0
2010-04-07,12.69,12.82,12.53,12.58,88112400.0,0.0,1.0,10.002335245455,10.104802036779,9.8762222715166,9.9156325758722,88112400.0
2010-04-08,12.55,12.71,12.34,12.63,77491400.0,0.0,1.0,9.8919863932589,10.018099367197,9.7264631149653,9.9550428802278,77491400.0
2010-04-09,12.73,12.84,12.61,12.72,60408600.0,0.0,1.0,10.033863488939,10.120566158521,9.9392787584856,10.025981428068,60408600.0
2010-04-12,12.72,12.81,12.64,12.77,50783100.0,0.0,1.0,10.025981428068,10.096919975908,9.962924941099,10.065391732424,50783100.0
2010-04-13,12.75,12.89,12.71,12.79,71008500.0,0.0,1.0,10.049627610681,10.159976462877,10.018099367197,10.081155854166,71008500.0
2010-04-14,12.92,13.43,12.86,13.35,153602100.0,0.0,1.0,10.18362264549,10.585607749918,10.136330280264,10.522551262949,153602100.0
2010-04-15,13.42,13.88,13.41,13.76,159110500.0,0.0,1.0,10.577725689047,10.940300489118,10.569843628175,10.845715758665,159110500.0
2010-04-16,13.84,13.92,13.3,13.42,149640000.0,0.0,1.0,10.908772245634,10.971828732603,10.483140958593,10.577725689047,149640000.0
2010-04-19,13.38,13.75,13.36,13.6,95855100.0,0.0,1.0,10.546197445562,10.837833697794,10.53043332382,10.719602784727,95855100.0
2010-04-20,13.72,13.94,13.67,13.91,75630700.0,0.0,1.0,10.81418751518,10.987592854345,10.774777210825,10.963946671732,75630700.0
2010-04-21,14.02,14.15,13.92,14.13,120284000.0,0.0,1.0,11.050649341314,11.153116132638,10.971828732603,11.137352010896,120284000.0
2010-04-22,14.0,14.23,13.85,14.2,93331100.0,0.0,1.0,11.034885219572,11.216172619607,10.916654306505,11.192526436994,93331100.0
2010-04-23,14.2,14.39,14.11,14.21,92002200.0,0.0,1.0,11.192526436994,11.342285593545,11.121587889154,11.200408497865,92002200.0
2010-04-26,14.39,14.57,14.28,14.46,123029200.0,0.0,1.0,11.342285593545,11.484162689226,11.255582923963,11.397460019643,123029200.0
2010-04-27,14.44,14.5,13.15,13.57,292667400.0,0.0,1.0,11.381695897901,11.428988263128,10.364910045526,10.695956602113,292667400.0
2010-04-28,13.39,13.45,12.9,13.25,208023500.0,0.0,1.0,10.554079506433,10.60137187166,10.167858523748,10.443730654237,208023500.0
2010-04-29,13.45,13.7,13.38,13.58,110114400.0,0.0,1.0,10.60137187166,10.798423393438,10.546197445562,10.703838662984,110114400.0
2010-04-30,13.64,13.73,12.96,13.02,146322900.0,0.0,1.0,10.751131028211,10.822069576051,10.215150888975,10.262443254202,146322900.0
2010-05-03,13.18,13.49,13.18,13.3,106416800.0,0.0,1.0,10.38855622814,10.632900115144,10.38855622814,10.483140958593,106416800.0
2010-05-04,13.07,13.08,12.75,12.85,123207400.0,0.0,1.0,10.301853558557,10.309735619428,10.049627610681,10.128448219393,123207400.0
2010-05-05,12.32,12.7,11.59,12.34,198525600.0,0.0,1.0,9.710698993223,10.010217306326,9.1353085496311,9.7264631149653,198525600.0
2010-05-06,12.17,12.51,10.59,11.78,237094700.0,0.0,1.0,9.5924680801562,9.8604581497744,8.3471024625188,9.2850677061824,237094700.0
2010-05-07,11.95,11.97,10.95,11.51,261066500.0,0.0,1.0,9.4190627409915,9.4348268627337,8.6308566538792,9.0722520626621,261066500.0
2010-05-10,12.54,12.56,12.02,12.15,134388700.0,0.0,1.0,9.8841043323877,9.89986845413,9.4742371670894,9.5767039584139,134388700.0
2010-05-11,11.99,12.56,11.85,12.31,125738800.0,0.0,1.0,9.450590984476,9.89986845413,9.3402421322803,9.7028169323519,125738800.0
2010-05-12,12.57,12.71,12.49,12.68,102657000.0,0.0,1.0,9.9077505150011,10.018099367197,9.8446940280321,9.9944531845834,102657000.0
2010-05-13,12.87,12.87,12.32,12.42,100156000.0,0.0,1.0,10.144212341135,10.144212341135,9.710698993223,9.7895196019343,100156000.0
2010-05-14,12.25,12.35,11.87,12.11,105856000.0,0.0,1.0,9.6555245671252,9.7343451758364,9.3560062540225,9.5451757149295,105856000.0
2010-05-17,12.08,12.18,11.49,11.95,108686700.0,0.0,1.0,9.5215295323161,9.6003501410273,9.0564879409199,9.4190627409915,108686700.0
2010-05-18,12.15,12.18,11.45,11.545,101309100.0,0.0,1.0,9.5767039584139,9.6003501410273,9.0249596974354,9.099839275711,101309100.0
2010-05-19,11.3,11.66,11.11,11.55,132864400.0,0.0,1.0,8.9067287843685,9.1904829757289,8.7569696278172,9.1037803061466,132864400.0
2010-05-20,11.04,11.3,10.76,10.8,156449200.0,0.0,1.0,8.7017952017193,8.9067287843685,8.4810974973279,8.5126257408124,156449200.0
2010-05-21,10.25,11.3,10.17,11.26,174455100.0,0.0,1.0,8.0791123929007,8.9067287843685,8.0160559059317,8.875200540884,174455100.0
2010-05-24,11.29,11.44,11.01,11.01,90998300.0,0.0,1.0,8.8988467234974,9.0170776365642,8.678149019106,8.678149019106,90998300.0
2010-05-25,10.47,11.05,10.42,11.02,137858600.0,0.0,1.0,8.2525177320654,8.7096772625905,8.2131074277097,8.6860310799771,137858600.0
2010-05-26,11.45,11.82,11.35,11.39,146872000.0,0.0,1.0,9.0249596974354,9.3165959496669,8.9461390887241,8.9776673322086,146872000.0
2010-05-27,11.85,12.0,11.66,11.99,90700800.0,0.0,1.0,9.3402421322803,9.4584730453471,9.1904829757289,9.450590984476,90700800.0
2010-05-28,12.05,12.08,11.62,11.73,78823400.0,0.0,1.0,9.4978833497027,9.5215295323161,9.1589547322444,9.2456574018268,78823400.0
2010-06-01,11.5,11.88,11.3771,11.41,80977300.0,0.0,1.0,9.064370001791,9.3638883148936,8.9674994736849,8.9934314539509,80977300.0
2010-06-02,11.66,11.87,11.45,11.85,87265300.0,0.0,1.0,9.1904829757289,9.3560062540225,9.0249596974354,9.3402421322803,87265300.0
2010-06-03,12.01,12.15,11.81,11.96,79568700.0,0.0,1.0,9.4663551062182,9.5767039584139,9.3087138887958,9.4269448018626,79568700.0
2010-06-04,11.69,11.88,11.39,11.5,83480900.0,0.0,1.0,9.2141291583423,9.3638883148936,8.9776673322086,9.064370001791,83480900.0
2010-06-07,11.45,11.5,11.06,11.09,76229000.0,0.0,1.0,9.0249596974354,9.064370001791,8.7175593234616,8.741205506075,76229000.0
2010-06-08,11.14,11.37,10.89,11.22,81494400.0,0.0,1.0,8.7806158104306,8.9619032104664,8.5835642886525,8.8436722973995,81494400.0
2010-06-09,11.36,11.4,11.0,11.05,74947600.0,0.0,1.0,8.9540211495953,8.9855493930798,8.6702669582348,8.7096772625905,74947600.0
2010-06-10,11.21,11.4,11.1,11.39,64799500.0,0.0,1.0,8.8357902365284,8.9855493930798,8.7490875669461,8.9776673322086,64799500.0
2010-06-11,11.23,11.47,11.21,11.4,50280600.0,0.0,1.0,8.8515543582707,9.0407238191776,8.8357902365284,8.9855493930798,50280600.0
2010-06-14,11.48,11.72,11.4,11.46,58144500.0,0.0,1.0,9.0486058800487,9.2377753409557,8.9855493930798,9.0328417583065,58144500.0
2010-06-15,11.55,11.76,11.52,11.7,51790900.0,0.0,1.0,9.1037803061466,9.2693035844402,9.0801341235332,9.2220112192134,51790900.0
2010-06-16,11.65,11.77,11.5,11.63,61954100.0,0.0,1.0,9.1826009148578,9.2771856453113,9.064370001791,9.1668367931156,61954100.0
2010-06-17,11.61,11.69,11.33,11.48,69430100.0,0.0,1.0,9.1510726713733,9.2141291583423,8.9303749669819,9.0486058800487,69430100.0
2010-06-18,11.56,11.62,11.4,11.46,55417700.0,0.0,1.0,9.1116623670177,9.1589547322444,8.9855493930798,9.0328417583065,55417700.0
2010-06-21,11.68,11.8,11.5,11.53,67814300.0,0.0,1.0,9.2062470974712,9.3008318279247,9.064370001791,9.0880161844043,67814300.0
2010-06-22,11.54,11.6,11.18,11.215,73509000.0,0.0,1.0,9.0958982452755,9.1431906105022,8.8121440539151,8.839731266964,73509000.0
2010-06-23,11.23,11.28,11.0,11.03,83134400.0,0.0,1.0,8.8515543582707,8.8909646626263,8.6702669582348,8.6939131408482,83134400.0
2010-06-24,10.99,11.03,10.64,10.78,74449200.0,0.0,1.0,8.6623848973637,8.6939131408482,8.3865127668744,8.4968616190702,74449200.0
2010-06-25,10.75,10.77,10.42,10.75,148168400.0,0.0,1.0,8.4732154364568,8.488979558199,8.2131074277097,8.4732154364568,148168400.0
2010-06-28,10.72,10.76,10.43,10.43,57994700.0,0.0,1.0,8.4495692538434,8.4810974973279,8.2209894885809,8.2209894885809,57994700.0
2010-06-29,10.12,10.144,9.75,9.88,124866100.0,0.0,1.0,7.9766456015761,7.9955625476668,7.6850093493445,7.7874761406691,124866100.0
2010-06-30,10.1,10.52,10.04,10.08,182831300.0,0.0,1.0,7.9608814798338,8.291928036421,7.9135891146071,7.9451173580916,182831300.0
2010-07-01,10.23,10.63,10.02,10.57,153383000.0,0.0,1.0,8.0633482711584,8.3786307060033,7.8978249928648,8.3313383407766,153383000.0
2010-07-02,10.58,10.63,10.15,10.28,71607100.0,0.0,1.0,8.3392204016477,8.3786307060033,8.0002917841894,8.102758575514,71607100.0
2010-07-06,10.42,10.57,10.04,10.16,81246900.0,0.0,1.0,8.2131074277097,8.3313383407766,7.9135891146071,8.0081738450606,81246900.0
2010-07-07,10.21,10.63,10.17,10.59,72565300.0,0.0,1.0,8.0475841494162,8.3786307060033,8.0160559059317,8.3471024625188,72565300.0
2010-07-08,10.72,10.83,10.45,10.62,62355500.0,0.0,1.0,8.4495692538434,8.5362719234258,8.2367536103231,8.3707486451322,62355500.0
2010-07-09,10.58,10.94,10.54,10.85,50732700.0,0.0,1.0,8.3392204016477,8.6229745930081,8.3076921581632,8.552036045168,50732700.0
2010-07-12,10.84,11.13,10.83,11.1,56354100.0,0.0,1.0,8.5441539842969,8.7727337495594,8.5362719234258,8.7490875669461,56354100.0
2010-07-13,11.47,11.81,11.26,11.66,103923200.0,0.0,1.0,9.0407238191776,9.3087138887958,8.875200540884,9.1904829757289,103923200.0
2010-07-14,11.62,11.92,11.54,11.81,68051400.0,0.0,1.0,9.1589547322444,9.3954165583781,9.0958982452755,9.3087138887958,68051400.0
2010-07-15,11.86,11.9,11.51,11.86,66020400.0,0.0,1.0,9.3481241931514,9.3796524366359,9.0722520626621,9.3481241931514,66020400.0
2010-07-16,11.75,11.78,11.3,11.34,68905500.0,0.0,1.0,9.261421523569,9.2850677061824,8.9067287843685,8.938257027853,68905500.0
2010-07-19,11.44,11.57,11.23,11.48,49910000.0,0.0,1.0,9.0170776365642,9.1195444278888,8.8515543582707,9.0486058800487,49910000.0
2010-07-20,11.3,11.76,11.25,11.75,53134900.0,0.0,1.0,8.9067287843685,9.2693035844402,8.8673184800129,9.261421523569,53134900.0
2010-07-21,11.82,11.88,11.43,11.55,67645100.0,0.0,1.0,9.3165959496669,9.3638883148936,9.0091955756931,9.1037803061466,67645100.0
2010-07-22,11.76,12.22,11.75,12.09,102031500.0,0.0,1.0,9.2693035844402,9.6318783845118,9.261421523569,9.5294115931872,102031500.0
2010-07-23,12.55,12.75,12.35,12.72,161608200.0,0.0,1.0,9.8919863932589,10.049627610681,9.7343451758364,10.025981428068,161608200.0
2010-07-26,12.82,13.15,12.75,12.94,125770900.0,0.0,1.0,10.104802036779,10.364910045526,10.049627610681,10.199386767233,125770900.0
2010-07-27,13.16,13.18,12.85,13.03,97305400.0,0.0,1.0,10.372792106397,10.38855622814,10.128448219393,10.270325315073,97305400.0
2010-07-28,12.99,13.08,12.86,12.91,59746700.0,0.0,1.0,10.238797071588,10.309735619428,10.136330280264,10.175740584619,59746700.0
2010-07-29,13.03,13.11,12.72,12.97,88510100.0,0.0,1.0,10.270325315073,10.333381802042,10.025981428068,10.223032949846,88510100.0
2010-07-30,12.81,13.01,12.58,12.77,79512400.0,0.0,1.0,10.096919975908,10.25456119333,9.9156325758722,10.065391732424,79512400.0
2010-08-02,13.06,13.2,12.94,13.16,77124700.0,0.0,1.0,10.293971497686,10.404320349882,10.199386767233,10.372792106397,77124700.0
2010-08-03,13.08,13.24,12.77,12.91,115202600.0,0.0,1.0,10.309735619428,10.435848593366,10.065391732424,10.175740584619,115202600.0
2010-08-04,13.0,13.2052,12.95,13.11,60875000.0,0.0,1.0,10.246679132459,10.408419021535,10.207268828104,10.333381802042,60875000.0
2010-08-05,13.05,13.05,12.9,12.98,51574800.0,0.0,1.0,10.286089436815,10.286089436815,10.167858523748,10.230915010717,51574800.0
2010-08-06,12.83,13.05,12.8,13.04,54704600.0,0.0,1.0,10.11268409765,10.286089436815,10.089037915037,10.278207375944,54704600.0
2010-08-09,13.12,13.12,12.92,13.05,39072000.0,0.0,1.0,10.341263862913,10.341263862913,10.18362264549,10.286089436815,39072000.0
2010-08-10,12.94,13.03,12.8,12.92,50265100.0,0.0,1.0,10.199386767233,10.270325315073,10.089037915037,10.18362264549,50265100.0
2010-08-11,12.65,12.67,12.33,12.41,68132100.0,0.0,1.0,9.9708070019701,9.9865711237123,9.7185810540942,9.7816375410631,68132100.0
2010-08-12,12.03,12.39,11.9,12.27,68017900.0,0.0,1.0,9.4821192279605,9.7658734193209,9.3796524366359,9.6712886888674,68017900.0
2010-08-13,12.25,12.37,12.13,12.15,41635500.0,0.0,1.0,9.6555245671252,9.7501092975786,9.5609398366717,9.5767039584139,41635500.0
2010-08-16,11.96,12.15,11.88,11.99,59316100.0,0.0,1.0,9.4269448018626,9.5767039584139,9.3638883148936,9.450590984476,59316100.0
2010-08-17,12.2,12.375,12.06,12.16,61043500.0,0.0,1.0,9.6161142627696,9.7540503280142,9.5057654105738,9.5845860192851,61043500.0
2010-08-18,12.17,12.29,11.8023,12.2,54218100.0,0.0,1.0,9.5924680801562,9.6870528106097,9.302644701925,9.6161142627696,54218100.0
2010-08-19,12.13,12.2,11.83,11.89,61059000.0,0.0,1.0,9.5609398366717,9.6161142627696,9.324478010538,9.3717703757648,61059000.0
2010-08-20,11.85,11.9,11.6,11.77,50806600.0,0.0,1.0,9.3402421322803,9.3796524366359,9.1431906105022,9.2771856453113,50806600.0
2010-08-23,11.84,11.9,11.6,11.61,42449600.0,0.0,1.0,9.3323600714091,9.3796524366359,9.1431906105022,9.1510726713733,42449600.0
2010-08-24,11.28,11.49,11.09,11.2425,86299200.0,0.0,1.0,8.8909646626263,9.0564879409199,8.741205506075,8.8614069343596,86299200.0
2010-08-25,11.04,11.4,10.95,11.32,78571900.0,0.0,1.0,8.7017952017193,8.9855493930798,8.6308566538792,8.9224929061108,78571900.0
2010-08-26,11.4,11.56,11.14,11.17,56953100.0,0.0,1.0,8.9855493930798,9.1116623670177,8.7806158104306,8.8042619930439,56953100.0
2010-08-27,11.26,11.72,11.05,11.56,63565200.0,0.0,1.0,8.875200540884,9.2377753409557,8.7096772625905,9.1116623670177,63565200.0
2010-08-30,11.58,11.68,11.35,11.35,33651500.0,0.0,1.0,9.12742648876,9.2062470974712,8.9461390887241,8.9461390887241,33651500.0
2010-08-31,11.27,11.46,11.13,11.285,64984700.0,0.0,1.0,8.8830826017552,9.0328417583065,8.7727337495594,8.8949056930618,64984700.0
2010-09-01,11.53,11.89,11.46,11.61,81988800.0,0.0,1.0,9.0880161844043,9.3717703757648,9.0328417583065,9.1510726713733,81988800.0
2010-09-02,11.68,11.83,11.57,11.71,39943600.0,0.0,1.0,9.2062470974712,9.324478010538,9.1195444278888,9.2298932800846,39943600.0
2010-09-03,11.88,12.14,11.84,12.07,65243900.0,0.0,1.0,9.3638883148936,9.5688218975428,9.3323600714091,9.513647471445,65243900.0
2010-09-07,12.01,12.07,11.78,11.8,42497600.0,0.0,1.0,9.4663551062182,9.513647471445,9.2850677061824,9.3008318279247,42497600.0
2010-09-08,11.81,11.95,11.7,11.8,40798700.0,0.0,1.0,9.3087138887958,9.4190627409915,9.2220112192134,9.3008318279247,40798700.0
2010-09-09,11.96,12.04,11.64,11.75,48528500.0,0.0,1.0,9.4269448018626,9.4900012888316,9.1747188539867,9.261421523569,48528500.0
2010-09-10,11.81,11.985,11.75,11.79,37849800.0,0.0,1.0,9.3087138887958,9.4466499540404,9.261421523569,9.2929497670535,37849800.0
2010-09-13,11.93,12.0,11.84,11.99,36689700.0,0.0,1.0,9.4032986192492,9.4584730453471,9.3323600714091,9.450590984476,36689700.0
2010-09-14,11.96,12.05,11.89,11.98,39772300.0,0.0,1.0,9.4269448018626,9.4978833497027,9.3717703757648,9.4427089236049,39772300.0
2010-09-15,11.93,11.96,11.76,11.87,54102700.0,0.0,1.0,9.4032986192492,9.4269448018626,9.2693035844402,9.3560062540225,54102700.0
2010-09-16,12.12,12.53,12.1,12.44,141408500.0,0.0,1.0,9.5530577758006,9.8762222715166,9.5372936540583,9.8052837236765,141408500.0
2010-09-17,12.53,12.54,12.34,12.49,68954600.0,0.0,1.0,9.8762222715166,9.8841043323877,9.7264631149653,9.8446940280321,68954600.0
2010-09-20,12.55,12.6,12.38,12.57,49812800.0,0.0,1.0,9.8919863932589,9.9313966976145,9.7579913584498,9.9077505150011,49812800.0
2010-09-21,12.53,12.75,12.51,12.55,59130900.0,0.0,1.0,9.8762222715166,10.049627610681,9.8604581497744,9.8919863932589,59130900.0
2010-09-22,12.43,12.54,12.29,12.38,53139300.0,0.0,1.0,9.7974016628054,9.8841043323877,9.6870528106097,9.7579913584498,53139300.0
2010-09-23,12.26,12.45,12.15,12.31,46866400.0,0.0,1.0,9.6634066279963,9.8131657845476,9.5767039584139,9.7028169323519,46866400.0
2010-09-24,12.42,12.57,12.385,12.56,42647800.0,0.0,1.0,9.7895196019343,9.9077505150011,9.7619323888853,9.89986845413,42647800.0
2010-09-27,12.57,12.6,12.46,12.48,28799700.0,0.0,1.0,9.9077505150011,9.9313966976145,9.8210478454187,9.836811967161,28799700.0
2010-09-28,12.48,12.53,12.27,12.52,42671500.0,0.0,1.0,9.836811967161,9.8762222715166,9.6712886888674,9.8683402106455,42671500.0
2010-09-29,12.45,12.5,12.28,12.33,45211800.0,0.0,1.0,9.8131657845476,9.8525760889032,9.6791707497385,9.7185810540942,45211800.0
2010-09-30,12.44,12.46,12.2,12.24,42679600.0,0.0,1.0,9.8052837236765,9.8210478454187,9.6161142627696,9.647642506254,42679600.0
2010-10-01,12.35,12.41,12.12,12.26,54565500.0,0.0,1.0,9.7343451758364,9.7816375410631,9.5530577758006,9.6634066279963,54565500.0
2010-10-04,12.5735,12.92,12.53,12.84,95949200.0,0.0,1.0,9.910509236306,10.18362264549,9.8762222715166,10.120566158521,95949200.0
2010-10-05,13.0,13.07,12.92,13.01,74701900.0,0.0,1.0,10.246679132459,10.301853558557,10.18362264549,10.25456119333,74701900.0
2010-10-06,13.06,13.45,13.04,13.24,92326000.0,0.0,1.0,10.293971497686,10.60137187166,10.278207375944,10.435848593366,92326000.0
2010-10-07,13.32,13.38,13.19,13.32,53526700.0,0.0,1.0,10.498905080335,10.546197445562,10.396438289011,10.498905080335,53526700.0
2010-10-08,13.3,13.72,13.28,13.66,71857700.0,0.0,1.0,10.483140958593,10.81418751518,10.467376836851,10.766895149953,71857700.0
2010-10-11,13.72,13.9,13.68,13.78,48002800.0,0.0,1.0,10.81418751518,10.95606461086,10.782659271696,10.861479880407,48002800.0
2010-10-12,13.71,13.85,13.51,13.78,50056400.0,0.0,1.0,10.806305454309,10.916654306505,10.648664236887,10.861479880407,50056400.0
2010-10-13,13.9,13.91,13.64,13.64,59061900.0,0.0,1.0,10.95606461086,10.963946671732,10.751131028211,10.751131028211,59061900.0
2010-10-14,13.88,14.01,13.78,13.91,78814100.0,0.0,1.0,10.940300489118,11.042767280443,10.861479880407,10.963946671732,78814100.0
2010-10-15,14.0,14.04,13.61,13.8,61337700.0,0.0,1.0,11.034885219572,11.066413463056,10.727484845598,10.877244002149,61337700.0
2010-10-18,13.75,13.9,13.64,13.88,34852700.0,0.0,1.0,10.837833697794,10.95606461086,10.751131028211,10.940300489118,34852700.0
2010-10-19,13.63,13.64,13.18,13.32,84614000.0,0.0,1.0,10.74324896734,10.751131028211,10.38855622814,10.498905080335,84614000.0
2010-10-20,13.45,13.73,13.35,13.64,60800200.0,0.0,1.0,10.60137187166,10.822069576051,10.522551262949,10.751131028211,60800200.0
2010-10-21,13.78,14.16,13.66,13.81,85365000.0,0.0,1.0,10.861479880407,11.16099819351,10.766895149953,10.88512606302,85365000.0
2010-10-22,13.86,14.01,13.83,13.95,38003100.0,0.0,1.0,10.924536367376,11.042767280443,10.900890184763,10.995474915216,38003100.0
2010-10-25,14.05,14.2,14.01,14.15,77370800.0,0.0,1.0,11.074295523927,11.192526436994,11.042767280443,11.153116132638,77370800.0
2010-10-26,13.9724,14.47,13.765,14.36,214814400.0,0.0,1.0,11.013130731567,11.405342080514,10.8496567891,11.318639410932,214814400.0
2010-10-27,14.34,14.35,14.09,14.23,81025700.0,0.0,1.0,11.30287528919,11.310757350061,11.105823767412,11.216172619607,81025700.0
2010-10-28,14.29,14.32,14.06,14.22,51719400.0,0.0,1.0,11.263464984834,11.287111167448,11.082177584798,11.208290558736,51719400.0
2010-10-29,14.18,14.23,14.1,14.13,52281900.0,0.0,1.0,11.176762315252,11.216172619607,11.113705828283,11.137352010896,52281900.0
2010-11-01,14.32,14.37,14.16,14.23,56606000.0,0.0,1.0,11.287111167448,11.326521471803,11.16099819351,11.216172619607,56606000.0
2010-11-02,14.32,14.46,14.22,14.43,54691100.0,0.0,1.0,11.287111167448,11.397460019643,11.208290558736,11.37381383703,54691100.0
2010-11-03,14.48,15.2,14.44,15.18,185667300.0,0.0,1.0,11.413224141386,11.980732524106,11.381695897901,11.964968402364,185667300.0
2010-11-04,15.51,15.98,15.4,15.86,193232000.0,0.0,1.0,12.225076411111,12.595533272054,12.138373741529,12.5009485416,193232000.0
2010-11-05,15.98,16.26,15.81,16.21,141539900.0,0.0,1.0,12.595533272054,12.816230976445,12.461538237245,12.77682067209,141539900.0
2010-11-08,16.36,16.49,16.06,16.41,127386000.0,0.0,1.0,12.895051585157,12.997518376481,12.658589759023,12.934461889512,127386000.0
2010-11-09,16.53,16.58,15.88,16.07,133717300.0,0.0,1.0,13.029046619966,13.068456924321,12.516712663343,12.666471819894,133717300.0
2010-11-10,16.32,16.71,16.08,16.63,139738200.0,0.0,1.0,12.863523341672,13.170923715646,12.674353880765,13.107867228677,139738200.0
2010-11-11,16.54,16.66,16.2,16.61,94746200.0,0.0,1.0,13.036928680837,13.13151341129,12.768938611219,13.092103106935,94746200.0
2010-11-12,16.46,16.53,16.04,16.3,91657100.0,0.0,1.0,12.973872193868,13.029046619966,12.642825637281,12.84775921993,91657100.0
2010-11-15,16.81,17.41,16.68,17.0,233268400.0,0.0,1.0,13.249744324357,13.722667976624,13.147277533032,13.399503480908,233268400.0
2010-11-16,17.19,17.42,16.36,16.51,234481200.0,0.0,1.0,13.54926263746,13.730550037496,12.895051585157,13.013282498223,234481200.0
2010-11-17,16.76,16.9,16.52,16.68,127748600.0,0.0,1.0,13.210334020001,13.320682872197,13.021164559095,13.147277533032,127748600.0
2010-11-18,16.77,16.87,16.05,16.12,256937900.0,0.0,1.0,13.218216080873,13.297036689584,12.650707698152,12.70588212425,256937900.0
2010-11-19,16.02,16.38,15.83,16.28,130323600.0,0.0,1.0,12.627061515538,12.910815706899,12.477302358987,12.831995098188,130323600.0
2010-11-22,16.26,16.54,16.11,16.2,91288900.0,0.0,1.0,12.816230976445,13.036928680837,12.698000063378,12.768938611219,91288900.0
2010-11-23,16.01,16.16,15.62,15.7,96689100.0,0.0,1.0,12.619179454667,12.737410367734,12.311779080693,12.374835567662,96689100.0
2010-11-24,15.95,16.06,15.81,15.95,66727700.0,0.0,1.0,12.571887089441,12.658589759023,12.461538237245,12.571887089441,66727700.0
2010-11-26,15.81,16.18,15.75,16.1,31557200.0,0.0,1.0,12.461538237245,12.753174489476,12.414245872018,12.690118002507,31557200.0
2010-11-29,16.12,16.12,15.86,16.06,61577500.0,0.0,1.0,12.70588212425,12.70588212425,12.5009485416,12.658589759023,61577500.0
2010-11-30,15.92,15.99,15.83,15.94,71737400.0,0.0,1.0,12.548240906827,12.603415332925,12.477302358987,12.564005028569,71737400.0
2010-12-01,16.24,16.5,16.14,16.46,100724400.0,0.0,1.0,12.800466854703,13.005400437352,12.721646245992,12.973872193868,100724400.0
2010-12-02,16.72,16.86,16.63,16.78,82484500.0,0.0,1.0,13.178805776517,13.289154628713,13.107867228677,13.226098141744,82484500.0
2010-12-03,16.63,16.83,16.6,16.8,67399500.0,0.0,1.0,13.107867228677,13.265508446099,13.084221046063,13.241862263486,67399500.0
2010-12-06,16.66,16.78,16.52,16.65,57290300.0,0.0,1.0,13.13151341129,13.226098141744,13.021164559095,13.123631350419,57290300.0
2010-12-07,16.91,16.92,16.55,16.56,64104300.0,0.0,1.0,13.328564933068,13.336446993939,13.044810741708,13.052692802579,64104300.0
2010-12-08,16.66,16.73,16.35,16.69,106700000.0,0.0,1.0,13.13151341129,13.186687837388,12.887169524285,13.155159593904,106700000.0
2010-12-09,16.82,16.85,16.66,16.76,47280900.0,0.0,1.0,13.257626385228,13.281272567842,13.13151341129,13.210334020001,47280900.0
2010-12-10,16.68,16.77,16.65,16.73,38196000.0,0.0,1.0,13.147277533032,13.218216080873,13.123631350419,13.186687837388,38196000.0
2010-12-13,16.65,16.72,16.47,16.47,53899700.0,0.0,1.0,13.123631350419,13.178805776517,12.981754254739,12.981754254739,53899700.0
2010-12-14,16.5,16.58,16.39,16.42,43070000.0,0.0,1.0,13.005400437352,13.068456924321,12.91869776777,12.942343950383,43070000.0
2010-12-15,16.37,16.66,16.35,16.55,44901200.0,0.0,1.0,12.902933646028,13.13151341129,12.887169524285,13.044810741708,44901200.0
2010-12-16,16.52,16.77,16.44,16.77,49567600.0,0.0,1.0,13.021164559095,13.218216080873,12.958108072126,13.218216080873,49567600.0
2010-12-17,16.76,16.85,16.68,16.8,51948100.0,0.0,1.0,13.210334020001,13.281272567842,13.147277533032,13.241862263486,51948100.0
2010-12-20,16.85,16.9,16.63,16.85,41880000.0,0.0,1.0,13.281272567842,13.320682872197,13.107867228677,13.281272567842,41880000.0
2010-12-21,16.89,17.0,16.835,16.99,35604000.0,0.0,1.0,13.312800811326,13.399503480908,13.269449476535,13.391621420037,35604000.0
2010-12-22,17.0,17.03,16.85,16.99,31602700.0,0.0,1.0,13.399503480908,13.423149663522,13.281272567842,13.391621420037,31602700.0
2010-12-23,16.9,16.93,16.75,16.78,25730100.0,0.0,1.0,13.320682872197,13.344329054811,13.20245195913,13.226098141744,25730100.0
2010-12-27,16.72,16.87,16.6,16.87,27703900.0,0.0,1.0,13.178805776517,13.297036689584,13.084221046063,13.297036689584,27703900.0
2010-12-28,16.83,16.849,16.65,16.73,28413200.0,0.0,1.0,13.265508446099,13.280484361754,13.123631350419,13.186687837388,28413200.0
2010-12-29,16.67,16.8,16.65,16.74,25556700.0,0.0,1.0,13.139395472161,13.241862263486,13.123631350419,13.194569898259,25556700.0
2010-12-30,16.72,16.85,16.65,16.69,24055100.0,0.0,1.0,13.178805776517,13.281272567842,13.123631350419,13.155159593904,24055100.0
2010-12-31,16.65,16.83,16.61,16.79,22417600.0,0.0,1.0,13.123631350419,13.265508446099,13.092103106935,13.233980202615,22417600.0
2011-01-03,17.015,17.31,17.0,17.25,70794200.0,0.0,1.0,13.411326572215,13.643847367913,13.399503480908,13.596555002686,70794200.0
2011-01-04,17.39,17.66,16.96,17.38,106477200.0,0.0,1.0,13.706903854882,13.919719498402,13.367975237424,13.699021794011,106477200.0
2011-01-05,17.31,18.09,17.22,17.89,112378000.0,0.0,1.0,13.643847367913,14.258648115861,13.572908820073,14.101006898438,112378000.0
2011-01-06,18.03,18.29,17.95,18.22,96284400.0,0.0,1.0,14.211355750634,14.416289333283,14.148299263665,14.361114907185,96284400.0
2011-01-07,18.415,18.415,18.08,18.27,99029500.0,0.0,1.0,14.514815094172,14.514815094172,14.25076605499,14.400525211541,99029500.0
2011-01-10,18.425,18.49,18.1562,18.31,65348400.0,0.0,1.0,14.522697155043,14.573930550706,14.310827358828,14.432053455025,65348400.0
2011-01-11,18.48,18.49,18.13,18.28,61312500.0,0.0,1.0,14.566048489835,14.573930550706,14.290176359345,14.408407272412,61312500.0
2011-01-12,18.36,18.75,18.29,18.71,66841400.0,0.0,1.0,14.471463759381,14.778864133355,14.416289333283,14.74733588987,66841400.0
2011-01-13,18.81,18.97,18.55,18.68,100459700.0,0.0,1.0,14.826156498582,14.95226947252,14.621222915932,14.723689707257,100459700.0
2011-01-14,18.61,18.75,18.58,18.65,50279400.0,0.0,1.0,14.668515281159,14.778864133355,14.644869098546,14.700043524644,50279400.0
2011-01-18,18.66,18.77,18.61,18.7,39737500.0,0.0,1.0,14.707925585515,14.794628255097,14.668515281159,14.739453828999,39737500.0
2011-01-19,18.71,18.72,17.77,17.9,89216500.0,0.0,1.0,14.74733588987,14.755217950741,14.006422167985,14.108888959309,89216500.0
2011-01-20,17.77,18.0,17.35,17.78,93501600.0,0.0,1.0,14.006422167985,14.187709568021,13.675375611398,14.014304228856,93501600.0
2011-01-21,17.99,18.11,17.87,17.95,48717700.0,0.0,1.0,14.17982750715,14.274412237603,14.085242776696,14.148299263665,48717700.0
2011-01-24,18.025,18.025,17.75,17.93,51698600.0,0.0,1.0,14.207414720198,14.207414720198,13.990658046243,14.132535141923,51698600.0
2011-01-25,17.86,18.02,17.66,17.89,47155800.0,0.0,1.0,14.077360715825,14.203473689763,13.919719498402,14.101006898438,47155800.0
2011-01-26,17.97,18.43,17.9,18.37,66834100.0,0.0,1.0,14.164063385407,14.526638185479,14.108888959309,14.479345820252,66834100.0
2011-01-27,18.52,18.88,18.33,18.79,67711700.0,0.0,1.0,14.597576733319,14.881330924679,14.447817576768,14.810392376839,67711700.0
2011-01-28,17.79,17.88,15.98,16.27,480879500.0,0.0,1.0,14.022186289727,14.093124837567,12.595533272054,12.824113037316,480879500.0
2011-01-31,16.56,16.64,15.45,15.95,275198200.0,0.0,1.0,13.052692802579,13.115749289548,12.177784045884,12.571887089441,275198200.0
2011-02-01,16.14,16.24,15.85,15.89,178894300.0,0.0,1.0,12.721646245992,12.800466854703,12.493066480729,12.524594724214,178894300.0
2011-02-02,15.91,15.98,15.31,15.4,187008500.0,0.0,1.0,12.540358845956,12.595533272054,12.067435193689,12.138373741529,187008500.0
2011-02-03,15.38,15.78,15.1,15.76,153131300.0,0.0,1.0,12.122609619787,12.437892054631,11.901911915395,12.422127932889,153131300.0
2011-02-04,15.91,15.95,15.6405,15.72,79198700.0,0.0,1.0,12.540358845956,12.571887089441,12.327937305479,12.390599689405,79198700.0
2011-02-07,15.84,16.36,15.8,16.11,118132900.0,0.0,1.0,12.485184419858,12.895051585157,12.453656176374,12.698000063378,118132900.0
2011-02-08,16.17,16.26,16.02,16.24,59674500.0,0.0,1.0,12.745292428605,12.816230976445,12.627061515538,12.800466854703,59674500.0
2011-02-09,16.13,16.3,16.02,16.09,61896700.0,0.0,1.0,12.713764185121,12.84775921993,12.627061515538,12.682235941636,61896700.0
2011-02-10,15.99,16.11,15.9,15.95,65334900.0,0.0,1.0,12.603415332925,12.698000063378,12.532476785085,12.571887089441,65334900.0
2011-02-11,16.055,16.51,15.99,16.38,94736400.0,0.0,1.0,12.654648728587,13.013282498223,12.603415332925,12.910815706899,94736400.0
2011-02-14,16.38,16.39,16.02,16.09,69632700.0,0.0,1.0,12.910815706899,12.91869776777,12.627061515538,12.682235941636,69632700.0
2011-02-15,16.03,16.16,15.95,16.1,51612800.0,0.0,1.0,12.63494357641,12.737410367734,12.571887089441,12.690118002507,51612800.0
2011-02-16,16.16,16.18,16.0,16.05,59843600.0,0.0,1.0,12.737410367734,12.753174489476,12.611297393796,12.650707698152,59843600.0
2011-02-17,16.01,16.03,15.83,15.97,53727600.0,0.0,1.0,12.619179454667,12.63494357641,12.477302358987,12.587651211183,53727600.0
2011-02-18,15.95,15.99,15.7,15.77,68774000.0,0.0,1.0,12.571887089441,12.603415332925,12.374835567662,12.43000999376,68774000.0
2011-02-22,15.36,15.52,15.08,15.23,97449900.0,0.0,1.0,12.106845498044,12.232958471982,11.886147793653,12.00437870672,97449900.0
2011-02-23,15.015,15.04,14.49,14.86,159528600.0,0.0,1.0,11.834914397991,11.854619550168,11.421106202257,11.712742454488,159528600.0
2011-02-24,14.565,14.99,14.5,14.7,120277400.0,0.0,1.0,11.48022165879,11.815209245813,11.428988263128,11.58662948055,120277400.0
2011-02-25,14.94,15.11,14.85,15.07,78341600.0,0.0,1.0,11.775798941457,11.909793976266,11.704860393617,11.878265732782,78341600.0
2011-02-28,15.29,15.29,14.89,15.05,54120000.0,0.0,1.0,12.051671071946,12.051671071946,11.736388637102,11.862501611039,54120000.0
2011-03-01,15.1,15.12,14.6,14.66,74337200.0,0.0,1.0,11.901911915395,11.917676037137,11.507808871839,11.555101237066,74337200.0
2011-03-02,14.66,14.89,14.62,14.66,67127000.0,0.0,1.0,11.555101237066,11.736388637102,11.523572993581,11.555101237066,67127000.0
2011-03-03,14.9,14.95,14.66,14.76,66720400.0,0.0,1.0,11.744270697973,11.783681002328,11.555101237066,11.633921845777,66720400.0
2011-03-04,14.79,14.79,14.28,14.42,81593400.0,0.0,1.0,11.65756802839,11.65756802839,11.255582923963,11.365931776159,81593400.0
2011-03-07,14.34,14.42,13.98,14.01,105389900.0,0.0,1.0,11.30287528919,11.365931776159,11.019121097829,11.042767280443,105389900.0
2011-03-08,14.02,14.55,14.01,14.47,106699200.0,0.0,1.0,11.050649341314,11.468398567483,11.042767280443,11.405342080514,106699200.0
2011-03-09,14.59,14.6,14.25,14.29,68046300.0,0.0,1.0,11.499926810968,11.507808871839,11.23193674135,11.263464984834,68046300.0
2011-03-10,14.1,14.275,14.01,14.06,107127400.0,0.0,1.0,11.113705828283,11.251641893527,11.042767280443,11.082177584798,107127400.0
2011-03-11,13.9,14.463,13.87,14.36,72249100.0,0.0,1.0,10.95606461086,11.399824637905,10.932418428247,11.318639410932,72249100.0
2011-03-14,14.47,14.64,14.2,14.3,65056100.0,0.0,1.0,11.405342080514,11.539337115323,11.192526436994,11.271347045705,65056100.0
2011-03-15,13.8,14.8,13.75,14.67,108919700.0,0.0,1.0,10.877244002149,11.665450089261,10.837833697794,11.562983297937,108919700.0
2011-03-16,14.73,14.79,13.89,14.18,127862700.0,0.0,1.0,11.610275663164,11.65756802839,10.948182549989,11.176762315252,127862700.0
2011-03-17,14.56,14.5795,14.18,14.26,78683000.0,0.0,1.0,11.476280628354,11.491650647053,11.176762315252,11.239818802221,78683000.0
2011-03-18,14.58,14.67,14.43,14.49,64541000.0,0.0,1.0,11.492044750097,11.562983297937,11.37381383703,11.421106202257,64541000.0
2011-03-21,14.7,14.72,14.48,14.59,46486600.0,0.0,1.0,11.58662948055,11.602393602292,11.413224141386,11.499926810968,46486600.0
2011-03-22,14.52,14.57,14.32,14.34,44731700.0,0.0,1.0,11.44475238487,11.484162689226,11.287111167448,11.30287528919,44731700.0
2011-03-23,14.26,14.45,14.02,14.31,64431300.0,0.0,1.0,11.239818802221,11.389577958772,11.050649341314,11.279229106576,64431300.0
2011-03-24,14.4,15.115,14.39,15.04,128201100.0,0.0,1.0,11.350167654417,11.913735006702,11.342285593545,11.854619550168,128201100.0
2011-03-25,15.2,15.2,14.9,15.01,58954600.0,0.0,1.0,11.980732524106,11.980732524106,11.744270697973,11.830973367555,58954600.0
2011-03-28,14.99,15.09,14.83,14.86,41259800.0,0.0,1.0,11.815209245813,11.894029854524,11.689096271875,11.712742454488,41259800.0
2011-03-29,14.83,14.94,14.73,14.84,33301800.0,0.0,1.0,11.689096271875,11.775798941457,11.610275663164,11.696978332746,33301800.0
2011-03-30,14.88,14.97,14.74,14.86,40889600.0,0.0,1.0,11.72850657623,11.799445124071,11.618157724035,11.712742454488,40889600.0
2011-03-31,14.82,14.95,14.71,14.91,41909100.0,0.0,1.0,11.681214211004,11.783681002328,11.594511541421,11.752152758844,41909100.0
2011-04-01,15.03,15.42,14.92,15.16,116247300.0,0.0,1.0,11.846737489297,12.154137863271,11.760034819715,11.949204280622,116247300.0
2011-04-04,15.39,15.74,15.39,15.55,99116600.0,0.0,1.0,12.130491680658,12.406363811147,12.130491680658,12.256604654596,99116600.0
2011-04-05,15.65,15.81,15.55,15.79,72322800.0,0.0,1.0,12.335425263307,12.461538237245,12.256604654596,12.445774115503,72322800.0
2011-04-06,15.91,15.98,15.61,15.73,62315800.0,0.0,1.0,12.540358845956,12.595533272054,12.303897019822,12.398481750276,62315800.0
2011-04-07,15.71,15.82,15.45,15.53,51295100.0,0.0,1.0,12.382717628534,12.469420298116,12.177784045884,12.240840532853,51295100.0
2011-04-08,15.65,15.68,15.16,15.33,51126100.0,0.0,1.0,12.335425263307,12.35907144592,11.949204280622,12.083199315431,51126100.0
2011-04-11,15.27,15.4,14.74,14.86,85626200.0,0.0,1.0,12.035906950204,12.138373741529,11.618157724035,11.712742454488,85626200.0
2011-04-12,14.59,15.0,14.5,14.91,82591000.0,0.0,1.0,11.499926810968,11.823091306684,11.428988263128,11.752152758844,82591000.0
2011-04-13,15.04,15.05,14.8,14.98,58736600.0,0.0,1.0,11.854619550168,11.862501611039,11.665450089261,11.807327184942,58736600.0
2011-04-14,14.74,14.85,14.61,14.81,62357700.0,0.0,1.0,11.618157724035,11.704860393617,11.51569093271,11.673332150133,62357700.0
2011-04-15,14.86,14.905,14.61,14.71,47434700.0,0.0,1.0,11.712742454488,11.748211728408,11.51569093271,11.594511541421,47434700.0
2011-04-18,14.51,14.74,14.485,14.62,49822500.0,0.0,1.0,11.436870323999,11.618157724035,11.417165171821,11.523572993581,49822500.0
2011-04-19,14.65,14.79,14.54,14.66,33575500.0,0.0,1.0,11.547219176195,11.65756802839,11.460516506612,11.555101237066,33575500.0
2011-04-20,14.95,15.2,14.84,15.09,70978900.0,0.0,1.0,11.783681002328,11.980732524106,11.696978332746,11.894029854524,70978900.0
2011-04-21,15.23,15.45,15.1,15.43,53181900.0,0.0,1.0,12.00437870672,12.177784045884,11.901911915395,12.162019924142,53181900.0
2011-04-25,15.51,15.59,15.35,15.54,54775800.0,0.0,1.0,12.225076411111,12.28813289808,12.098963437173,12.248722593725,54775800.0
2011-04-26,16.04,16.18,15.66,15.66,166900000.0,0.0,1.0,12.642825637281,12.753174489476,12.343307324178,12.343307324178,166900000.0
2011-04-27,15.85,15.87,15.42,15.58,84380600.0,0.0,1.0,12.493066480729,12.508830602472,12.154137863271,12.280250837209,84380600.0
2011-04-28,15.47,15.7,15.42,15.5,48145500.0,0.0,1.0,12.193548167627,12.374835567662,12.154137863271,12.21719435024,48145500.0
2011-04-29,15.49,15.68,15.4,15.47,40203200.0,0.0,1.0,12.209312289369,12.35907144592,12.138373741529,12.193548167627,40203200.0
2011-05-02,15.52,15.69,15.41,15.45,42185500.0,0.0,1.0,12.232958471982,12.366953506791,12.1462558024,12.177784045884,42185500.0
2011-05-03,15.42,15.56,15.26,15.38,68659100.0,0.0,1.0,12.154137863271,12.264486715467,12.028024889333,12.122609619787,68659100.0
2011-05-04,15.42,15.45,14.97,15.15,71753400.0,0.0,1.0,12.154137863271,12.177784045884,11.799445124071,11.941322219751,71753400.0
2011-05-05,14.97,15.3,14.88,15.08,62502900.0,0.0,1.0,11.799445124071,12.059553132818,11.72850657623,11.886147793653,62502900.0
2011-05-06,15.26,15.37,15.08,15.11,58371200.0,0.0,1.0,12.028024889333,12.114727558915,11.886147793653,11.909793976266,58371200.0
2011-05-09,15.12,15.2,15.02,15.08,33369700.0,0.0,1.0,11.917676037137,11.980732524106,11.838855428426,11.886147793653,33369700.0
2011-05-10,15.13,15.2,15.08,15.15,36633400.0,0.0,1.0,11.925558098008,11.980732524106,11.886147793653,11.941322219751,36633400.0
2011-05-11,15.11,15.35,15.06,15.15,54989600.0,0.0,1.0,11.909793976266,12.098963437173,11.870383671911,11.941322219751,54989600.0
2011-05-12,15.14,15.34,15.12,15.26,48775700.0,0.0,1.0,11.93344015888,12.091081376302,11.917676037137,12.028024889333,48775700.0
2011-05-13,15.215,15.3,15.03,15.08,43317100.0,0.0,1.0,11.992555615413,12.059553132818,11.846737489297,11.886147793653,43317100.0
2011-05-16,15.21,15.32,15.1,15.13,51778600.0,0.0,1.0,11.988614584977,12.07531725456,11.901911915395,11.925558098008,51778600.0
2011-05-17,15.06,15.18,14.82,14.97,65261100.0,0.0,1.0,11.870383671911,11.964968402364,11.681214211004,11.799445124071,65261100.0
2011-05-18,15.01,15.16,14.87,15.12,41278000.0,0.0,1.0,11.830973367555,11.949204280622,11.720624515359,11.917676037137,41278000.0
2011-05-19,15.1,15.17,15.01,15.12,38684200.0,0.0,1.0,11.901911915395,11.957086341493,11.830973367555,11.917676037137,38684200.0
2011-05-20,15.05,15.108,14.965,15.0,39285300.0,0.0,1.0,11.862501611039,11.908217564092,11.795504093635,11.823091306684,39285300.0
2011-05-23,14.705,14.93,14.65,14.8,49529300.0,0.0,1.0,11.590570510986,11.767916880586,11.547219176195,11.665450089261,49529300.0
2011-05-24,14.84,14.85,14.56,14.66,48890300.0,0.0,1.0,11.696978332746,11.704860393617,11.476280628354,11.555101237066,48890300.0
2011-05-25,14.54,14.66,14.35,14.58,93969200.0,0.0,1.0,11.460516506612,11.555101237066,11.310757350061,11.492044750097,93969200.0
2011-05-26,14.51,14.6,14.4,14.56,45961100.0,0.0,1.0,11.436870323999,11.507808871839,11.350167654417,11.476280628354,45961100.0
2011-05-27,14.55,14.64,14.46,14.6,35654200.0,0.0,1.0,11.468398567483,11.539337115323,11.397460019643,11.507808871839,35654200.0
2011-05-31,14.75,14.92,14.64,14.92,66438900.0,0.0,1.0,11.626039784906,11.760034819715,11.539337115323,11.760034819715,66438900.0
2011-06-01,14.78,14.9,14.2,14.23,91509400.0,0.0,1.0,11.649685967519,11.744270697973,11.192526436994,11.216172619607,91509400.0
2011-06-02,14.26,14.365,14.085,14.18,58588100.0,0.0,1.0,11.239818802221,11.322580441368,11.101882736976,11.176762315252,58588100.0
2011-06-03,13.88,14.22,13.81,14.01,57295900.0,0.0,1.0,10.940300489118,11.208290558736,10.88512606302,11.042767280443,57295900.0
2011-06-06,13.99,14.12,13.86,13.91,54183600.0,0.0,1.0,11.027003158701,11.129469950025,10.924536367376,10.963946671732,54183600.0
2011-06-07,14.17,14.19,13.94,13.95,73208000.0,0.0,1.0,11.168880254381,11.184644376123,10.987592854345,10.995474915216,73208000.0
2011-06-08,13.96,14.01,13.65,13.7,77161700.0,0.0,1.0,11.003356976087,11.042767280443,10.759013089082,10.798423393438,77161700.0
2011-06-09,13.74,13.87,13.58,13.8,55365400.0,0.0,1.0,10.829951636922,10.932418428247,10.703838662984,10.877244002149,55365400.0
2011-06-10,13.68,13.74,13.33,13.35,96684000.0,0.0,1.0,10.782659271696,10.829951636922,10.506787141206,10.522551262949,96684000.0
2011-06-13,13.14,13.26,12.78,13.14,110748300.0,0.0,1.0,10.357027984655,10.451612715109,10.073273793295,10.357027984655,110748300.0
2011-06-14,13.29,13.56,13.25,13.43,61363200.0,0.0,1.0,10.475258897722,10.688074541242,10.443730654237,10.585607749918,61363200.0
2011-06-15,13.3,13.36,13.05,13.15,88736600.0,0.0,1.0,10.483140958593,10.53043332382,10.286089436815,10.364910045526,88736600.0
2011-06-16,13.05,13.1799,12.68,12.83,91842200.0,0.0,1.0,10.286089436815,10.388477407531,9.9944531845834,10.11268409765,91842200.0
2011-06-17,12.94,12.95,12.68,12.77,75778900.0,0.0,1.0,10.199386767233,10.207268828104,9.9944531845834,10.065391732424,75778900.0
2011-06-20,12.66,13.03,12.65,12.94,51392800.0,0.0,1.0,9.9786890628412,10.270325315073,9.9708070019701,10.199386767233,51392800.0
2011-06-21,13.08,13.53,13.04,13.32,72508100.0,0.0,1.0,10.309735619428,10.664428358629,10.278207375944,10.498905080335,72508100.0
2011-06-22,13.39,13.5,13.33,13.36,42578600.0,0.0,1.0,10.554079506433,10.640782176015,10.506787141206,10.53043332382,42578600.0
2011-06-23,13.12,13.5,13.06,13.47,59361900.0,0.0,1.0,10.341263862913,10.640782176015,10.293971497686,10.617135993402,59361900.0
2011-06-24,13.52,13.6,13.14,13.24,82743600.0,0.0,1.0,10.656546297758,10.719602784727,10.357027984655,10.435848593366,82743600.0
2011-06-27,13.35,13.55,13.085,13.46,50005900.0,0.0,1.0,10.522551262949,10.680192480371,10.313676649864,10.609253932531,50005900.0
2011-06-28,13.55,13.55,13.25,13.33,54013200.0,0.0,1.0,10.680192480371,10.680192480371,10.443730654237,10.506787141206,54013200.0
2011-06-29,13.41,13.51,13.32,13.42,54105500.0,0.0,1.0,10.569843628175,10.648664236887,10.498905080335,10.577725689047,54105500.0
2011-06-30,13.46,13.97,13.36,13.79,74076900.0,0.0,1.0,10.609253932531,11.011239036958,10.53043332382,10.869361941278,74076900.0
2011-07-01,13.92,14.13,13.73,14.02,66304800.0,0.0,1.0,10.971828732603,11.137352010896,10.822069576051,11.050649341314,66304800.0
2011-07-05,14.07,14.18,13.91,14.1,47019400.0,0.0,1.0,11.090059645669,11.176762315252,10.963946671732,11.113705828283,47019400.0
2011-07-06,14.13,14.13,13.89,13.96,46233600.0,0.0,1.0,11.137352010896,11.137352010896,10.948182549989,11.003356976087,46233600.0
2011-07-07,14.13,14.22,13.9,14.12,66182800.0,0.0,1.0,11.137352010896,11.208290558736,10.95606461086,11.129469950025,66182800.0
2011-07-08,13.86,13.9,13.61,13.88,68539000.0,0.0,1.0,10.924536367376,10.95606461086,10.727484845598,10.940300489118,68539000.0
2011-07-11,13.64,13.69,13.26,13.32,61376200.0,0.0,1.0,10.751131028211,10.790541332567,10.451612715109,10.498905080335,61376200.0
2011-07-12,13.13,13.38,13.12,13.12,57768900.0,0.0,1.0,10.349145923784,10.546197445562,10.341263862913,10.341263862913,57768900.0
2011-07-13,13.3,13.43,13.23,13.27,44328200.0,0.0,1.0,10.483140958593,10.585607749918,10.427966532495,10.45949477598,44328200.0
2011-07-14,13.33,13.4,13.04,13.09,45989000.0,0.0,1.0,10.506787141206,10.561961567304,10.278207375944,10.317617680299,45989000.0
2011-07-15,13.14,13.2,13.0,13.09,41208600.0,0.0,1.0,10.357027984655,10.404320349882,10.246679132459,10.317617680299,41208600.0
2011-07-18,13.02,13.06,12.63,12.9,66084800.0,0.0,1.0,10.262443254202,10.293971497686,9.9550428802278,10.167858523748,66084800.0
2011-07-19,13.0,13.18,12.86,13.09,53892600.0,0.0,1.0,10.246679132459,10.38855622814,10.136330280264,10.317617680299,53892600.0
2011-07-20,13.19,13.19,12.92,13.08,33450700.0,0.0,1.0,10.396438289011,10.396438289011,10.18362264549,10.309735619428,33450700.0
2011-07-21,13.16,13.32,13.08,13.28,43705600.0,0.0,1.0,10.372792106397,10.498905080335,10.309735619428,10.467376836851,43705600.0
2011-07-22,13.29,13.34,13.15,13.31,26480600.0,0.0,1.0,10.475258897722,10.514669202078,10.364910045526,10.491023019464,26480600.0
2011-07-25,13.04,13.24,13.01,13.17,45334300.0,0.0,1.0,10.278207375944,10.435848593366,10.25456119333,10.380674167268,45334300.0
2011-07-26,13.3,13.44,12.85,12.94,109165800.0,0.0,1.0,10.483140958593,10.593489810789,10.128448219393,10.199386767233,109165800.0
2011-07-27,12.8,12.85,12.3,12.37,113808600.0,0.0,1.0,10.089037915037,10.128448219393,9.6949348714808,9.7501092975786,113808600.0
2011-07-28,12.4,12.65,12.3,12.32,69884600.0,0.0,1.0,9.773755480192,9.9708070019701,9.6949348714808,9.710698993223,69884600.0
2011-07-29,12.11,12.42,12.0,12.21,68621600.0,0.0,1.0,9.5451757149295,9.7895196019343,9.4584730453471,9.6239963236407,68621600.0
2011-08-01,12.75,12.81,12.21,12.35,73771800.0,0.0,1.0,10.049627610681,10.096919975908,9.6239963236407,9.7343451758364,73771800.0
2011-08-02,12.28,12.35,11.82,11.85,97171100.0,0.0,1.0,9.6791707497385,9.7343451758364,9.3165959496669,9.3402421322803,97171100.0
2011-08-03,11.92,11.92,11.36,11.65,127291500.0,0.0,1.0,9.3954165583781,9.3954165583781,8.9540211495953,9.1826009148578,127291500.0
2011-08-04,11.49,11.51,10.77,10.86,153368800.0,0.0,1.0,9.0564879409199,9.0722520626621,8.488979558199,8.5599181060391,153368800.0
2011-08-05,11.05,11.23,10.32,10.84,139254200.0,0.0,1.0,8.7096772625905,8.8515543582707,8.1342868189985,8.5441539842969,139254200.0
2011-08-08,10.02,10.42,9.87,9.93,202155900.0,0.0,1.0,7.8978249928648,8.2131074277097,7.779594079798,7.8268864450247,202155900.0
2011-08-09,10.5,10.95,10.13,10.91,177330900.0,0.0,1.0,8.2761639146787,8.6308566538792,7.9845276624472,8.5993284103947,177330900.0
2011-08-10,10.82,10.87,10.32,10.41,119877300.0,0.0,1.0,8.5283898625546,8.5678001669103,8.1342868189985,8.2052253668386,119877300.0
2011-08-11,10.48,11.12,10.43,10.94,114926800.0,0.0,1.0,8.2603997929365,8.7648516886883,8.2209894885809,8.6229745930081,114926800.0
2011-08-12,11.29,11.31,11.0,11.06,79279300.0,0.0,1.0,8.8988467234974,8.9146108452396,8.6702669582348,8.7175593234616,79279300.0
2011-08-15,11.29,11.37,11.17,11.35,46283800.0,0.0,1.0,8.8988467234974,8.9619032104664,8.8042619930439,8.9461390887241,46283800.0
2011-08-16,11.23,11.45,11.0476,11.22,53398200.0,0.0,1.0,8.8515543582707,9.0249596974354,8.7077855679814,8.8436722973995,53398200.0
2011-08-17,11.34,11.4,10.92,11.11,52262000.0,0.0,1.0,8.938257027853,8.9855493930798,8.6072104712659,8.7569696278172,52262000.0
2011-08-18,10.67,10.7,10.22,10.38,87073500.0,0.0,1.0,8.4101589494878,8.4338051321012,8.0554662102873,8.1815791842252,87073500.0
2011-08-19,10.05,10.45,9.9,9.99,87207200.0,0.0,1.0,7.9214711754782,8.2367536103231,7.8032402624114,7.8741788102515,87207200.0
2011-08-22,10.39,10.39,9.81,10.01,73424500.0,0.0,1.0,8.1894612450964,8.1894612450964,7.7323017145713,7.8899429319937,73424500.0
2011-08-23,10.16,10.32,10.01,10.31,52107600.0,0.0,1.0,8.0081738450606,8.1342868189985,7.8899429319937,8.1264047581274,52107600.0
2011-08-24,10.31,10.46,10.13,10.45,53035500.0,0.0,1.0,8.1264047581274,8.2446356711942,7.9845276624472,8.2367536103231,53035500.0
2011-08-25,10.53,10.72,10.22,10.28,50166000.0,0.0,1.0,8.2998100972921,8.4495692538434,8.0554662102873,8.102758575514,50166000.0
2011-08-26,10.18,10.53,10.06,10.4,59398700.0,0.0,1.0,8.0239379668028,8.2998100972921,7.9293532363493,8.1973433059675,59398700.0
2011-08-29,10.64,10.95,10.61,10.93,48857900.0,0.0,1.0,8.3865127668744,8.6308566538792,8.3628665842611,8.615092532137,48857900.0
2011-08-30,10.87,10.96,10.64,10.87,50345100.0,0.0,1.0,8.5678001669103,8.6387387147504,8.3865127668744,8.5678001669103,50345100.0
2011-08-31,11.03,11.3,10.98,11.12,69283600.0,0.0,1.0,8.6939131408482,8.9067287843685,8.6545028364926,8.7648516886883,69283600.0
2011-09-01,11.14,11.27,10.81,10.85,64031000.0,0.0,1.0,8.7806158104306,8.8830826017552,8.5205078016835,8.552036045168,64031000.0
2011-09-02,10.53,10.6824,10.26,10.42,62021000.0,0.0,1.0,8.2998100972921,8.419932704968,8.0869944537718,8.2131074277097,62021000.0
2011-09-06,10.02,10.27,10.0,10.22,65558100.0,0.0,1.0,7.8978249928648,8.0948765146429,7.8820608711226,8.0554662102873,65558100.0
2011-09-07,10.44,10.58,10.32,10.56,45052800.0,0.0,1.0,8.228871549452,8.3392204016477,8.1342868189985,8.3234562799055,45052800.0
2011-09-08,10.49,10.64,10.27,10.34,45105500.0,0.0,1.0,8.2682818538076,8.3865127668744,8.0948765146429,8.1500509407408,45105500.0
2011-09-09,10.11,10.29,9.98,10.05,69911300.0,0.0,1.0,7.9687635407049,8.1106406363851,7.8662967493803,7.9214711754782,69911300.0
2011-09-12,9.9185,10.14,9.85,10.11,58352000.0,0.0,1.0,7.8178220750229,7.9924097233183,7.7638299580557,7.9687635407049,58352000.0
2011-09-13,10.16,10.23,10.0,10.17,44205300.0,0.0,1.0,8.0081738450606,8.0633482711584,7.8820608711226,8.0160559059317,44205300.0
2011-09-14,10.25,10.5,10.04,10.32,70810200.0,0.0,1.0,8.0791123929007,8.2761639146787,7.9135891146071,8.1342868189985,70810200.0
2011-09-15,10.45,10.64,10.32,10.63,53843200.0,0.0,1.0,8.2367536103231,8.3865127668744,8.1342868189985,8.3786307060033,53843200.0
2011-09-16,10.62,10.69,10.3547,10.62,46858900.0,0.0,1.0,8.3707486451322,8.42592307123,8.1616375702213,8.3707486451322,46858900.0
2011-09-19,10.34,10.62,10.3,10.54,41663900.0,0.0,1.0,8.1500509407408,8.3707486451322,8.1185226972563,8.3076921581632,41663900.0
2011-09-20,10.61,10.65,10.41,10.42,37706900.0,0.0,1.0,8.3628665842611,8.3943948277456,8.2052253668386,8.2131074277097,37706900.0
2011-09-21,10.4,10.51,9.97,9.97,62227400.0,0.0,1.0,8.1973433059675,8.2840459755498,7.8584146885092,7.8584146885092,62227400.0
2011-09-22,9.79,10.14,9.43,9.62,115851100.0,0.0,1.0,7.716537592829,7.9924097233183,7.4327834014686,7.5825425580199,115851100.0
2011-09-23,9.46,9.98,9.32,9.86,70702600.0,0.0,1.0,7.456429584082,7.8662967493803,7.3460807318863,7.7717120189269,70702600.0
2011-09-26,9.96,10.09,9.7,10.08,54424800.0,0.0,1.0,7.8505326276381,7.9529994189627,7.6455990449889,7.9451173580916,54424800.0
2011-09-27,10.32,10.35,10.09,10.12,65062200.0,0.0,1.0,8.1342868189985,8.1579330016119,7.9529994189627,7.9766456015761,65062200.0
2011-09-28,10.18,10.22,9.9,9.93,43567700.0,0.0,1.0,8.0239379668028,8.0554662102873,7.8032402624114,7.8268864450247,43567700.0
2011-09-29,10.14,10.15,9.75,10.0,52634800.0,0.0,1.0,7.9924097233183,8.0002917841894,7.6850093493445,7.8820608711226,52634800.0
2011-09-30,9.89,10.01,9.65,9.67,56697200.0,0.0,1.0,7.7953582015402,7.8899429319937,7.6061887406333,7.6219528623755,56697200.0
2011-10-03,9.66,9.92,9.36,9.37,72828100.0,0.0,1.0,7.6140708015044,7.8190043841536,7.3776089753707,7.3854910362419,72828100.0
2011-10-04,9.22,10.13,9.05,10.08,103900000.0,0.0,1.0,7.267260123175,7.9845276624472,7.1332650883659,7.9451173580916,103900000.0
2011-10-05,10.065,10.59,9.83,10.56,96318100.0,0.0,1.0,7.9332942667849,8.3471024625188,7.7480658363135,8.3234562799055,96318100.0
2011-10-06,10.61,11.0,10.56,10.99,86277500.0,0.0,1.0,8.3628665842611,8.6702669582348,8.3234562799055,8.6623848973637,86277500.0
2011-10-07,11.04,11.2,10.63,10.69,87812400.0,0.0,1.0,8.7017952017193,8.8279081756573,8.3786307060033,8.42592307123,87812400.0
2011-10-10,10.93,11.23,10.9013,11.21,57668200.0,0.0,1.0,8.615092532137,8.8515543582707,8.5924710174369,8.8357902365284,57668200.0
2011-10-11,11.17,11.29,11.02,11.24,61332000.0,0.0,1.0,8.8042619930439,8.8988467234974,8.6860310799771,8.8594364191418,61332000.0
2011-10-12,11.4,11.8,11.38,11.38,82907500.0,0.0,1.0,8.9855493930798,9.3008318279247,8.9697852713375,8.9697852713375,82907500.0
2011-10-13,11.39,11.46,11.04,11.34,60021300.0,0.0,1.0,8.9776673322086,9.0328417583065,8.7017952017193,8.938257027853,60021300.0
2011-10-14,11.58,11.67,11.34,11.56,54535700.0,0.0,1.0,9.12742648876,9.1983650366001,8.938257027853,9.1116623670177,54535700.0
2011-10-17,11.71,11.76,11.32,11.4,53715600.0,0.0,1.0,9.2298932800846,9.2693035844402,8.9224929061108,8.9855493930798,53715600.0
2011-10-18,11.41,11.93,11.27,11.78,66804200.0,0.0,1.0,8.9934314539509,9.4032986192492,8.8830826017552,9.2850677061824,66804200.0
2011-10-19,11.77,11.92,11.46,11.56,69510100.0,0.0,1.0,9.2771856453113,9.3954165583781,9.0328417583065,9.1116623670177,69510100.0
2011-10-20,11.66,11.75,11.47,11.7,62145700.0,0.0,1.0,9.1904829757289,9.261421523569,9.0407238191776,9.2220112192134,62145700.0
2011-10-21,11.86,12.32,11.84,12.26,86636000.0,0.0,1.0,9.3481241931514,9.710698993223,9.3323600714091,9.6634066279963,86636000.0
2011-10-24,12.31,12.65,12.3,12.51,68986900.0,0.0,1.0,9.7028169323519,9.9708070019701,9.6949348714808,9.8604581497744,68986900.0
2011-10-25,12.58,12.59,12.14,12.43,77049100.0,0.0,1.0,9.9156325758722,9.9235146367433,9.5688218975428,9.7974016628054,77049100.0
2011-10-26,12.09,12.2,11.54,11.87,159678600.0,0.0,1.0,9.5294115931872,9.6161142627696,9.0958982452755,9.3560062540225,159678600.0
2011-10-27,12.29,12.29,11.71,11.97,132526600.0,0.0,1.0,9.6870528106097,9.6870528106097,9.2298932800846,9.4348268627337,132526600.0
2011-10-28,11.97,12.07,11.86,12.0,60363200.0,0.0,1.0,9.4348268627337,9.513647471445,9.3481241931514,9.4584730453471,60363200.0
2011-10-31,11.8,11.91,11.68,11.68,41740400.0,0.0,1.0,9.3008318279247,9.387534497507,9.2062470974712,9.2062470974712,41740400.0
2011-11-01,11.33,11.39,11.03,11.08,108235700.0,0.0,1.0,8.9303749669819,8.9776673322086,8.6939131408482,8.7333234452038,108235700.0
2011-11-02,11.26,11.28,11.04,11.15,52759200.0,0.0,1.0,8.875200540884,8.8909646626263,8.7017952017193,8.7884978713017,52759200.0
2011-11-03,11.29,11.39,11.02,11.32,57802200.0,0.0,1.0,8.8988467234974,8.9776673322086,8.6860310799771,8.9224929061108,57802200.0
2011-11-04,11.28,11.39,11.12,11.27,43133100.0,0.0,1.0,8.8909646626263,8.9776673322086,8.7648516886883,8.8830826017552,43133100.0
2011-11-07,11.2,11.3,11.06,11.22,39924300.0,0.0,1.0,8.8279081756573,8.9067287843685,8.7175593234616,8.8436722973995,39924300.0
2011-11-08,11.27,11.68,11.18,11.61,60893400.0,0.0,1.0,8.8830826017552,9.2062470974712,8.8121440539151,9.1510726713733,60893400.0
2011-11-09,11.2,11.3785,10.98,11.04,72026000.0,0.0,1.0,8.8279081756573,8.9686029622068,8.6545028364926,8.7017952017193,72026000.0
2011-11-10,11.17,11.19,10.9,10.99,50555200.0,0.0,1.0,8.8042619930439,8.8200261147862,8.5914463495236,8.6623848973637,50555200.0
2011-11-11,11.15,11.18,11.05,11.14,32872400.0,0.0,1.0,8.7884978713017,8.8121440539151,8.7096772625905,8.7806158104306,32872400.0
2011-11-14,11.12,11.165,10.98,11.02,30530100.0,0.0,1.0,8.7648516886883,8.8003209626084,8.6545028364926,8.6860310799771,30530100.0
2011-11-15,10.93,11.0,10.82,10.87,43972900.0,0.0,1.0,8.615092532137,8.6702669582348,8.5283898625546,8.5678001669103,43972900.0
2011-11-16,10.8,10.82,10.5,10.56,49001300.0,0.0,1.0,8.5126257408124,8.5283898625546,8.2761639146787,8.3234562799055,49001300.0
2011-11-17,10.54,10.56,10.07,10.17,69670700.0,0.0,1.0,8.3076921581632,8.3234562799055,7.9372352972204,8.0160559059317,69670700.0
2011-11-18,10.28,10.3,10.07,10.1,44422000.0,0.0,1.0,8.102758575514,8.1185226972563,7.9372352972204,7.9608814798338,44422000.0
2011-11-21,9.99,10.12,9.8,10.05,60890100.0,0.0,1.0,7.8741788102515,7.9766456015761,7.7244196537001,7.9214711754782,60890100.0
2011-11-22,10.02,10.15,9.9,10.09,43750700.0,0.0,1.0,7.8978249928648,8.0002917841894,7.8032402624114,7.9529994189627,43750700.0
2011-11-23,9.97,10.04,9.83,9.83,44958400.0,0.0,1.0,7.8584146885092,7.9135891146071,7.7480658363135,7.7480658363135,44958400.0
2011-11-25,9.81,9.95,9.75,9.75,20118500.0,0.0,1.0,7.7323017145713,7.842650566767,7.6850093493445,7.6850093493445,20118500.0
2011-11-28,10.15,10.19,9.9,10.0,57953300.0,0.0,1.0,8.0002917841894,8.0318200276739,7.8032402624114,7.8820608711226,57953300.0
2011-11-29,10.03,10.1282,9.92,9.99,40443800.0,0.0,1.0,7.905707053736,7.9831088914904,7.8190043841536,7.8741788102515,40443800.0
2011-11-30,10.33,10.6,10.17,10.6,66922300.0,0.0,1.0,8.1421688798696,8.3549845233899,8.0160559059317,8.3549845233899,66922300.0
2011-12-01,10.51,10.81,10.41,10.59,61397000.0,0.0,1.0,8.2840459755498,8.5205078016835,8.2052253668386,8.3471024625188,61397000.0
2011-12-02,10.79,11.1,10.75,10.9,67252600.0,0.0,1.0,8.5047436799413,8.7490875669461,8.4732154364568,8.5914463495236,67252600.0
2011-12-05,11.16,11.42,11.02,11.11,65924700.0,0.0,1.0,8.7963799321728,9.001313514822,8.6860310799771,8.7569696278172,65924700.0
2011-12-06,11.1,11.19,11.0,11.05,39786100.0,0.0,1.0,8.7490875669461,8.8200261147862,8.6702669582348,8.7096772625905,39786100.0
2011-12-07,11.0,11.15,10.88,11.08,45168800.0,0.0,1.0,8.6702669582348,8.7884978713017,8.5756822277814,8.7333234452038,45168800.0
2011-12-08,10.96,11.11,9.84,10.75,82552300.0,0.0,1.0,8.6387387147504,8.7569696278172,7.7559478971846,8.4732154364568,82552300.0
2011-12-09,10.94,11.11,10.87,11.03,48326600.0,0.0,1.0,8.6229745930081,8.7569696278172,8.5678001669103,8.6939131408482,48326600.0
2011-12-12,10.87,10.89,10.68,10.85,40777500.0,0.0,1.0,8.5678001669103,8.5835642886525,8.4180410103589,8.552036045168,40777500.0
2011-12-13,10.92,11.04,10.36,10.48,67905600.0,0.0,1.0,8.6072104712659,8.7017952017193,8.165815062483,8.2603997929365,67905600.0
2011-12-14,10.33,10.41,10.1,10.15,53224300.0,0.0,1.0,8.1421688798696,8.2052253668386,7.9608814798338,8.0002917841894,53224300.0
2011-12-15,10.31,10.415,10.19,10.25,46636200.0,0.0,1.0,8.1264047581274,8.2091663972742,8.0318200276739,8.0791123929007,46636200.0
2011-12-16,10.32,10.4,10.16,10.25,45962300.0,0.0,1.0,8.1342868189985,8.1973433059675,8.0081738450606,8.0791123929007,45962300.0
2011-12-19,10.25,10.39,9.99,10.02,45068200.0,0.0,1.0,8.0791123929007,8.1894612450964,7.8741788102515,7.8978249928648,45068200.0
2011-12-20,10.21,10.38,10.18,10.33,45235100.0,0.0,1.0,8.0475841494162,8.1815791842252,8.0239379668028,8.1421688798696,45235100.0
2011-12-21,10.38,10.74,10.33,10.66,56203100.0,0.0,1.0,8.1815791842252,8.4653333755857,8.1421688798696,8.4022768886167,56203100.0
2011-12-22,10.78,10.98,10.66,10.94,43983100.0,0.0,1.0,8.4968616190702,8.6545028364926,8.4022768886167,8.6229745930081,43983100.0
2011-12-23,10.99,11.0,10.79,10.95,26953000.0,0.0,1.0,8.6623848973637,8.6702669582348,8.5047436799413,8.6308566538792,26953000.0
2011-12-27,10.87,10.98,10.76,10.81,25444800.0,0.0,1.0,8.5678001669103,8.6545028364926,8.4810974973279,8.5205078016835,25444800.0
2011-12-28,10.82,10.84,10.43,10.52,33445100.0,0.0,1.0,8.5283898625546,8.5441539842969,8.2209894885809,8.291928036421,33445100.0
2011-12-29,10.56,10.75,10.5,10.68,34317000.0,0.0,1.0,8.3234562799055,8.4732154364568,8.2761639146787,8.4180410103589,34317000.0
2011-12-30,10.64,10.79,10.6,10.76,26815800.0,0.0,1.0,8.3865127668744,8.5047436799413,8.3549845233899,8.4810974973279,26815800.0
2012-01-03,11.0,11.25,10.99,11.13,45709900.0,0.0,1.0,8.6702669582348,8.8673184800129,8.6623848973637,8.7727337495594,45709900.0
2012-01-04,11.15,11.53,11.07,11.3,79725200.0,0.0,1.0,8.7884978713017,9.0880161844043,8.7254413843327,8.9067287843685,79725200.0
2012-01-05,11.33,11.63,11.24,11.59,67877500.0,0.0,1.0,8.9303749669819,9.1668367931156,8.8594364191418,9.1353085496311,67877500.0
2012-01-06,11.74,11.8,11.52,11.71,59840700.0,0.0,1.0,9.2535394626979,9.3008318279247,9.0801341235332,9.2298932800846,59840700.0
2012-01-09,11.83,11.95,11.7,11.8,53981500.0,0.0,1.0,9.324478010538,9.4190627409915,9.2220112192134,9.3008318279247,53981500.0
2012-01-10,12.0,12.05,11.63,11.8,121750600.0,0.0,1.0,9.4584730453471,9.4978833497027,9.1668367931156,9.3008318279247,121750600.0
2012-01-11,11.74,12.18,11.65,12.07,63806000.0,0.0,1.0,9.2535394626979,9.6003501410273,9.1826009148578,9.513647471445,63806000.0
2012-01-12,12.16,12.18,11.89,12.14,48687700.0,0.0,1.0,9.5845860192851,9.6003501410273,9.3717703757648,9.5688218975428,48687700.0
2012-01-13,12.01,12.08,11.84,12.04,46366700.0,0.0,1.0,9.4663551062182,9.5215295323161,9.3323600714091,9.4900012888316,46366700.0
2012-01-17,12.2,12.26,11.96,12.015,44398400.0,0.0,1.0,9.6161142627696,9.6634066279963,9.4269448018626,9.4702961366538,44398400.0
2012-01-18,12.03,12.37,12.0,12.34,47102700.0,0.0,1.0,9.4821192279605,9.7501092975786,9.4584730453471,9.7264631149653,47102700.0
2012-01-19,12.48,12.72,12.43,12.61,70894200.0,0.0,1.0,9.836811967161,10.025981428068,9.7974016628054,9.9392787584856,70894200.0
2012-01-20,12.55,12.635,12.45,12.59,43705700.0,0.0,1.0,9.8919863932589,9.9589839106634,9.8131657845476,9.9235146367433,43705700.0
2012-01-23,12.69,12.84,12.55,12.66,49379700.0,0.0,1.0,10.002335245455,10.120566158521,9.8919863932589,9.9786890628412,49379700.0
2012-01-24,12.56,12.86,12.46,12.82,45768400.0,0.0,1.0,9.89986845413,10.136330280264,9.8210478454187,10.104802036779,45768400.0
2012-01-25,12.8,12.98,12.7,12.93,54021600.0,0.0,1.0,10.089037915037,10.230915010717,10.010217306326,10.191504706362,54021600.0
2012-01-26,13.03,13.05,12.66,12.79,75470700.0,0.0,1.0,10.270325315073,10.286089436815,9.9786890628412,10.081155854166,75470700.0
2012-01-27,11.96,12.53,11.79,12.21,142155300.0,0.05,1.0,9.4655481794296,9.9166654421616,9.3310044344043,9.6634066279963,142155300.0
2012-01-30,12.06,12.44,12.0,12.29,57752600.0,0.0,1.0,9.5446915588563,9.8454364006776,9.4972055312003,9.7267213315376,57752600.0
2012-01-31,12.47,12.51,12.2,12.42,46412100.0,0.0,1.0,9.8691794145056,9.9008367662763,9.6554922900536,9.8296077247923,46412100.0
2012-02-01,12.73,12.75,12.29,12.33,71669000.0,0.0,1.0,10.074952201015,10.0907808769,9.7267213315376,9.7583786833083,71669000.0
2012-02-02,12.4,12.43,12.2,12.26,48347600.0,0.0,1.0,9.813779048907,9.837522062735,9.6554922900536,9.7029783177096,48347600.0
2012-02-03,12.47,12.84,12.39,12.79,78851200.0,0.0,1.0,9.8691794145056,10.162009918384,9.8058647109643,10.122438228671,78851200.0
2012-02-06,12.85,13.0,12.71,12.96,46363300.0,0.0,1.0,10.169924256327,10.288639325467,10.05912352513,10.256981973696,46363300.0
2012-02-07,12.93,12.97,12.83,12.88,39413500.0,0.0,1.0,10.233238959868,10.264896311639,10.154095580442,10.193667270155,39413500.0
2012-02-08,12.91,12.96,12.8,12.84,35352500.0,0.0,1.0,10.217410283983,10.256981973696,10.130352566614,10.162009918384,35352500.0
2012-02-09,12.89,12.9,12.67,12.69,52290500.0,0.0,1.0,10.201581608098,10.20949594604,10.027466173359,10.043294849244,52290500.0
2012-02-10,12.52,12.66,12.37,12.44,52505500.0,0.0,1.0,9.908751104219,10.019551835416,9.790036035079,9.8454364006776,52505500.0
2012-02-13,12.74,12.74,12.51,12.54,34474400.0,0.0,1.0,10.082866538958,10.082866538958,9.9008367662763,9.9245797801043,34474400.0
2012-02-14,12.46,12.5799,12.34,12.48,39627900.0,0.0,1.0,9.861265076563,9.9561579884955,9.766293021251,9.8770937524483,39627900.0
2012-02-15,12.47,12.57,12.33,12.38,38174800.0,0.0,1.0,9.8691794145056,9.9483227939323,9.7583786833083,9.7979503730216,38174800.0
2012-02-16,12.38,12.77,12.38,12.74,49164400.0,0.0,1.0,9.7979503730216,10.106609552786,9.7979503730216,10.082866538958,49164400.0
2012-02-17,12.84,12.875,12.71,12.75,30778000.0,0.0,1.0,10.162009918384,10.189710101184,10.05912352513,10.0907808769,30778000.0
2012-02-21,12.74,12.76,12.46,12.53,38409800.0,0.0,1.0,10.082866538958,10.098695214843,9.861265076563,9.9166654421616,38409800.0
2012-02-22,12.49,12.51,12.22,12.28,43326000.0,0.0,1.0,9.885008090391,9.9008367662763,9.671320965939,9.718806993595,43326000.0
2012-02-23,12.27,12.44,12.16,12.4,36747600.0,0.0,1.0,9.7108926556523,9.8454364006776,9.623834938283,9.813779048907,36747600.0
2012-02-24,12.43,12.46,12.19,12.23,31399300.0,0.0,1.0,9.837522062735,9.861265076563,9.647577952111,9.6792353038816,31399300.0
2012-02-27,12.11,12.36,11.99,12.3,38703400.0,0.0,1.0,9.5842632485696,9.7821216971363,9.4892911932576,9.7346356694803,38703400.0
2012-02-28,12.34,12.35,12.2,12.25,30789000.0,0.0,1.0,9.766293021251,9.7742073591936,9.6554922900536,9.695063979767,30789000.0
2012-02-29,12.28,12.55,12.25,12.38,62093700.0,0.0,1.0,9.718806993595,9.932494118047,9.695063979767,9.7979503730216,62093700.0
2012-03-01,12.48,12.77,12.45,12.66,68262000.0,0.0,1.0,9.8770937524483,10.106609552786,9.8533507386203,10.019551835416,68262000.0
2012-03-02,12.74,12.94,12.68,12.72,49063500.0,0.0,1.0,10.082866538958,10.241153297811,10.035380511302,10.067037863072,49063500.0
2012-03-05,12.67,12.68,12.41,12.46,28433700.0,0.0,1.0,10.027466173359,10.035380511302,9.8216933868496,9.861265076563,28433700.0
2012-03-06,12.23,12.25,12.0,12.09,57374500.0,0.0,1.0,9.6792353038816,9.695063979767,9.4972055312003,9.5684345726843,57374500.0
2012-03-07,12.21,12.3,12.15,12.24,28440900.0,0.0,1.0,9.6634066279963,9.7346356694803,9.6159206003403,9.6871496418243,28440900.0
2012-03-08,12.41,12.55,12.32,12.46,37099100.0,0.0,1.0,9.8216933868496,9.932494118047,9.7504643453656,9.861265076563,37099100.0
2012-03-09,12.53,12.73,12.48,12.58,36159300.0,0.0,1.0,9.9166654421616,10.074952201015,9.8770937524483,9.956237131875,36159300.0
2012-03-12,12.57,12.59,12.37,12.43,30275700.0,0.0,1.0,9.9483227939323,9.9641514698176,9.790036035079,9.837522062735,30275700.0
2012-03-13,12.48,12.72,12.4,12.7,42783600.0,0.0,1.0,9.8770937524483,10.067037863072,9.813779048907,10.051209187187,42783600.0
2012-03-14,12.64,12.9,12.63,12.88,47578500.0,0.0,1.0,10.003723159531,10.20949594604,9.9958088215883,10.193667270155,47578500.0
2012-03-15,12.9,13.04,12.83,12.9,55286600.0,0.0,1.0,10.20949594604,10.320296677238,10.154095580442,10.20949594604,55286600.0
2012-03-16,12.86,12.9,12.5075,12.51,77119600.0,0.0,1.0,10.17783859427,10.20949594604,9.8988581817906,9.9008367662763,77119600.0
2012-03-19,12.52,12.68,12.48,12.63,52445700.0,0.0,1.0,9.908751104219,10.035380511302,9.8770937524483,9.9958088215883,52445700.0
2012-03-20,12.48,12.61,12.39,12.54,40214400.0,0.0,1.0,9.8770937524483,9.979980145703,9.8058647109643,9.9245797801043,40214400.0
2012-03-21,12.59,12.67,12.545,12.57,27521400.0,0.0,1.0,9.9641514698176,10.027466173359,9.9285369490756,9.9483227939323,27521400.0
2012-03-22,12.48,12.5385,12.24,12.32,50117100.0,0.0,1.0,9.8770937524483,9.9233926294129,9.6871496418243,9.7504643453656,50117100.0
2012-03-23,12.31,12.37,12.18,12.32,44755000.0,0.0,1.0,9.742550007423,9.790036035079,9.6396636141683,9.7504643453656,44755000.0
2012-03-26,12.45,12.5,12.39,12.48,26692200.0,0.0,1.0,9.8533507386203,9.8929224283336,9.8058647109643,9.8770937524483,26692200.0
2012-03-27,12.51,12.61,12.3,12.32,35070700.0,0.0,1.0,9.9008367662763,9.979980145703,9.7346356694803,9.7504643453656,35070700.0
2012-03-28,12.35,12.359,12.18,12.32,41051700.0,0.0,1.0,9.7742073591936,9.781330263342,9.6396636141683,9.7504643453656,41051700.0
2012-03-29,12.33,12.52,12.2375,12.5,51039700.0,0.0,1.0,9.7583786833083,9.908751104219,9.6851710573386,9.8929224283336,51039700.0
2012-03-30,12.55,12.58,12.4,12.475,36381000.0,0.0,1.0,9.932494118047,9.956237131875,9.813779048907,9.873136583477,36381000.0
2012-04-02,12.5,12.65,12.44,12.62,43966900.0,0.0,1.0,9.8929224283336,10.011637497474,9.8454364006776,9.9878944836456,43966900.0
2012-04-03,12.71,12.95,12.46,12.64,97034200.0,0.0,1.0,10.05912352513,10.249067635754,9.861265076563,10.003723159531,97034200.0
2012-04-04,12.46,12.52,12.32,12.505,51505000.0,0.0,1.0,9.861265076563,9.908751104219,9.7504643453656,9.896879597305,51505000.0
2012-04-05,12.38,12.58,12.38,12.47,37939500.0,0.0,1.0,9.7979503730216,9.956237131875,9.7979503730216,9.8691794145056,37939500.0
2012-04-09,12.26,12.29,12.11,12.22,42515300.0,0.0,1.0,9.7029783177096,9.7267213315376,9.5842632485696,9.671320965939,42515300.0
2012-04-10,12.19,12.28,11.65,11.79,77370300.0,0.0,1.0,9.647577952111,9.718806993595,9.2202037032069,9.3310044344043,77370300.0
2012-04-11,11.99,12.02,11.88,11.91,34724400.0,0.0,1.0,9.4892911932576,9.5130342070856,9.4022334758883,9.4259764897163,34724400.0
2012-04-12,11.94,12.13,11.86,12.07,26988800.0,0.0,1.0,9.4497195035443,9.600091924455,9.386404800003,9.552605896799,26988800.0
2012-04-13,11.98,12.03,11.84,11.92,39675000.0,0.0,1.0,9.481376855315,9.5209485450283,9.3705761241176,9.433890827659,39675000.0
2012-04-16,12.01,12.0499,11.83,11.88,31903500.0,0.0,1.0,9.505119869143,9.5366980775342,9.362661786175,9.4022334758883,31903500.0
2012-04-17,11.98,12.0,11.88,11.91,35981200.0,0.0,1.0,9.481376855315,9.4972055312003,9.4022334758883,9.4259764897163,35981200.0
2012-04-18,11.81,11.85,11.72,11.79,32314000.0,0.0,1.0,9.3468331102896,9.3784904620603,9.2756040688056,9.3310044344043,32314000.0
2012-04-19,11.81,11.88,11.58,11.66,48169200.0,0.0,1.0,9.3468331102896,9.4022334758883,9.1648033376083,9.2281180411496,48169200.0
2012-04-20,11.71,11.72,11.39,11.41,52631000.0,0.0,1.0,9.2676897308629,9.2756040688056,9.0144309166976,9.0302595925829,52631000.0
2012-04-23,11.15,11.4,11.15,11.35,31269200.0,0.0,1.0,8.8244868060736,9.0223452546403,8.8244868060736,8.9827735649269,31269200.0
2012-04-24,11.61,11.61,11.36,11.39,38615200.0,0.0,1.0,9.1885463514363,9.1885463514363,8.9906879028696,9.0144309166976,38615200.0
2012-04-25,11.51,11.75,11.43,11.73,45185400.0,0.0,1.0,9.1094029720096,9.2993470826336,9.0460882684683,9.2835184067483,45185400.0
2012-04-26,11.71,11.93,11.669,11.87,40889300.0,0.0,1.0,9.2676897308629,9.4418051656016,9.235240945298,9.3943191379456,40889300.0
2012-04-27,12.03,12.04,11.5215,11.6,83070300.0,0.0,1.0,9.5209485450283,9.528862882971,9.1185044606437,9.1806320134936,83070300.0
2012-04-30,11.42,11.47,11.15,11.28,46156300.0,0.05,1.0,9.0782367582318,9.1179838543712,8.8636024390792,8.9669448890416,46156300.0
2012-05-01,11.25,11.34,11.11,11.23,43959200.0,0.0,1.0,8.943096631358,9.0146414044088,8.8318047621678,8.9271977929022,43959200.0
2012-05-02,11.16,11.17,11.0,11.1,48572900.0,0.0,1.0,8.8715518583071,8.879501277535,8.7443611506611,8.8238553429399,48572900.0
2012-05-03,11.13,11.15,10.85,10.92,40238400.0,0.0,1.0,8.8477036006235,8.8636024390792,8.625119862243,8.6807657968382,40238400.0
2012-05-04,10.84,10.87,10.63,10.67,53268400.0,0.0,1.0,8.6171704430152,8.6410187006988,8.4502326392298,8.4820303161413,53268400.0
2012-05-07,10.53,10.79,10.52,10.66,33235200.0,0.0,1.0,8.3707384469511,8.5774233468758,8.3627890277232,8.4740808969134,33235200.0
2012-05-08,10.6,10.64,10.4,10.61,46174500.0,0.0,1.0,8.4263843815462,8.4581820584577,8.2673959969887,8.4343338007741,46174500.0
2012-05-09,10.48,10.81,10.41,10.69,54501200.0,0.0,1.0,8.3309913508117,8.5933221853315,8.2753454162166,8.4979291545971,54501200.0
2012-05-10,10.83,10.86,10.66,10.71,42526100.0,0.0,1.0,8.6092210237873,8.6330692814709,8.4740808969134,8.5138279930528,42526100.0
2012-05-11,10.61,10.83,10.56,10.58,36561300.0,0.0,1.0,8.4343338007741,8.6092210237873,8.3945867046347,8.4104855430904,36561300.0
2012-05-14,10.41,10.525,10.3,10.32,50225200.0,0.0,1.0,8.2753454162166,8.3667637373371,8.18790180471,8.2038006431657,50225200.0
2012-05-15,10.34,10.34,10.1,10.15,41886500.0,0.0,1.0,8.2196994816215,8.2196994816215,8.0289134201525,8.0686605162919,41886500.0
2012-05-16,10.23,10.43,10.15,10.16,44321300.0,0.0,1.0,8.1322558701149,8.2912442546723,8.0686605162919,8.0766099355197,44321300.0
2012-05-17,10.16,10.25,10.01,10.01,49648900.0,0.0,1.0,8.0766099355197,8.1481547085706,7.9573686471016,7.9573686471016,49648900.0
2012-05-18,10.08,10.18,9.96,10.01,50572000.0,0.0,1.0,8.0130145816968,8.0925087739755,7.9176215509623,7.9573686471016,50572000.0
2012-05-21,10.02,10.23,10.0,10.2,38134900.0,0.0,1.0,7.9653180663295,8.1322558701149,7.9494192278738,8.1084076124312,38134900.0
2012-05-22,10.25,10.4,10.15,10.19,44295700.0,0.0,1.0,8.1481547085706,8.2673959969887,8.0686605162919,8.1004581932034,44295700.0
2012-05-23,10.32,10.45,10.22,10.41,75647800.0,0.0,1.0,8.2038006431657,8.3071430931281,8.124306450887,8.2753454162166,75647800.0
2012-05-24,10.5,10.62,10.38,10.59,45334100.0,0.0,1.0,8.3468901892675,8.4422832200019,8.251497158533,8.4184349623183,45334100.0
2012-05-25,10.61,10.68,10.51,10.6,30430800.0,0.0,1.0,8.4343338007741,8.4899797353692,8.3548396084953,8.4263843815462,30430800.0
2012-05-29,10.69,10.88,10.68,10.84,43760600.0,0.0,1.0,8.4979291545971,8.6489681199267,8.4899797353692,8.6171704430152,43760600.0
2012-05-30,10.73,10.75,10.52,10.66,44592100.0,0.0,1.0,8.5297268315086,8.5456256699643,8.3627890277232,8.4740808969134,44592100.0
2012-05-31,10.62,10.68,10.4,10.56,54297000.0,0.0,1.0,8.4422832200019,8.4899797353692,8.2673959969887,8.3945867046347,54297000.0
2012-06-01,10.33,10.37,10.06,10.12,68237000.0,0.0,1.0,8.2117500623936,8.2435477393051,7.997115743241,8.0448122586082,68237000.0
2012-06-04,10.15,10.18,9.91,10.04,57305600.0,0.0,1.0,8.0686605162919,8.0925087739755,7.8778744548229,7.9812169047853,57305600.0
2012-06-05,10.01,10.24,9.97,10.19,38326200.0,0.0,1.0,7.9573686471016,8.1402052893427,7.9255709701901,8.1004581932034,38326200.0
2012-06-06,10.29,10.58,10.27,10.57,50458000.0,0.0,1.0,8.1799523854821,8.4104855430904,8.1640535470264,8.4025361238626,50458000.0
2012-06-07,10.73,10.78,10.52,10.55,33846100.0,0.0,1.0,8.5297268315086,8.5694739276479,8.3627890277232,8.3866372854068,33846100.0
2012-06-08,10.48,10.68,10.38,10.66,30811600.0,0.0,1.0,8.3309913508117,8.4899797353692,8.251497158533,8.4740808969134,30811600.0
2012-06-11,10.77,10.8,10.45,10.45,35811400.0,0.0,1.0,8.56152450842,8.5853727661037,8.3071430931281,8.3071430931281,35811400.0
2012-06-12,10.47,10.55,10.31,10.5,35130800.0,0.0,1.0,8.3230419315838,8.3866372854068,8.1958512239379,8.3468901892675,35130800.0
2012-06-13,10.39,10.485,10.22,10.3,41384200.0,0.0,1.0,8.2594465777608,8.3349660604256,8.124306450887,8.18790180471,41384200.0
2012-06-14,10.27,10.45,10.21,10.41,37531800.0,0.0,1.0,8.1640535470264,8.3071430931281,8.1163570316591,8.2753454162166,37531800.0
2012-06-15,10.4,10.42,10.26,10.35,39442000.0,0.0,1.0,8.2673959969887,8.2832948354445,8.1561041277985,8.2276489008493,39442000.0
2012-06-18,10.35,10.4,10.26,10.34,27361000.0,0.0,1.0,8.2276489008493,8.2673959969887,8.1561041277985,8.2196994816215,27361000.0
2012-06-19,10.37,10.64,10.35,10.56,37155900.0,0.0,1.0,8.2435477393051,8.4581820584577,8.2276489008493,8.3945867046347,37155900.0
2012-06-20,10.58,10.74,10.52,10.65,40810100.0,0.0,1.0,8.4104855430904,8.5376762507364,8.3627890277232,8.4661314776856,40810100.0
2012-06-21,10.65,10.68,10.25,10.27,40062800.0,0.0,1.0,8.4661314776856,8.4899797353692,8.1481547085706,8.1640535470264,40062800.0
2012-06-22,10.35,10.4,10.18,10.19,56427300.0,0.0,1.0,8.2276489008493,8.2673959969887,8.0925087739755,8.1004581932034,56427300.0
2012-06-25,10.13,10.18,9.95,10.01,44297600.0,0.0,1.0,8.0527616778361,8.0925087739755,7.9096721317344,7.9573686471016,44297600.0
2012-06-26,10.06,10.08,9.96,10.01,31871900.0,0.0,1.0,7.997115743241,8.0130145816968,7.9176215509623,7.9573686471016,31871900.0
2012-06-27,10.05,10.1,9.97,10.02,33278900.0,0.0,1.0,7.9891663240131,8.0289134201525,7.9255709701901,7.9653180663295,33278900.0
2012-06-28,9.93,10.09,9.93,10.09,38648400.0,0.0,1.0,7.8937732932786,8.0209640009246,7.8937732932786,8.0209640009246,38648400.0
2012-06-29,9.95,9.98,9.46,9.59,138138600.0,0.0,1.0,7.9096721317344,7.933520389418,7.5201505895686,7.6234930395309,138138600.0
2012-07-02,9.5,9.6,9.3,9.39,63388600.0,0.0,1.0,7.5519482664801,7.6314424587588,7.3929598819226,7.4645046549735,63388600.0
2012-07-03,9.53,9.79,9.49,9.6,49629300.0,0.0,1.0,7.5757965241637,7.7824814240884,7.5439988472522,7.6314424587588,49629300.0
2012-07-05,9.67,9.74,9.53,9.57,31783900.0,0.0,1.0,7.6870883933539,7.742734327949,7.5757965241637,7.6075942010752,31783900.0
2012-07-06,9.47,9.52,9.4,9.5,30355400.0,0.0,1.0,7.5281000087965,7.5678471049358,7.4724540742013,7.5519482664801,30355400.0
2012-07-09,9.46,9.47,9.31,9.45,37441600.0,0.0,1.0,7.5201505895686,7.5281000087965,7.4009093011505,7.5122011703407,37441600.0
2012-07-10,9.5,9.55,9.28,9.35,33516600.0,0.0,1.0,7.5519482664801,7.5916953626194,7.3770610434669,7.432706978062,33516600.0
2012-07-11,9.33,9.38,9.26,9.33,32028700.0,0.0,1.0,7.4168081396062,7.4565552357456,7.3611622050111,7.4168081396062,32028700.0
2012-07-12,9.26,9.28,9.12,9.13,55111000.0,0.0,1.0,7.3611622050111,7.3770610434669,7.2498703358209,7.2578197550487,55111000.0
2012-07-13,9.16,9.32,9.14,9.27,30248300.0,0.0,1.0,7.2816680127324,7.4088587203783,7.2657691742766,7.369111624239,30248300.0
2012-07-16,9.22,9.32,9.15,9.26,28838200.0,0.0,1.0,7.3293645280996,7.4088587203783,7.2737185935045,7.3611622050111,28838200.0
2012-07-17,9.28,9.35,9.12,9.34,29510000.0,0.0,1.0,7.3770610434669,7.432706978062,7.2498703358209,7.4247575588341,29510000.0
2012-07-18,9.38,9.52,9.34,9.38,31010000.0,0.0,1.0,7.4565552357456,7.5678471049358,7.4247575588341,7.4565552357456,31010000.0
2012-07-19,9.45,9.5,9.33,9.35,33615000.0,0.0,1.0,7.5122011703407,7.5519482664801,7.4168081396062,7.432706978062,33615000.0
2012-07-20,9.28,9.35,9.18,9.21,27968300.0,0.0,1.0,7.3770610434669,7.432706978062,7.2975668511881,7.3214151088717,27968300.0
2012-07-23,9.08,9.205,9.05,9.17,33773800.0,0.0,1.0,7.2180726589094,7.3174403992578,7.1942244012258,7.2896174319602,33773800.0
2012-07-24,9.17,9.24,8.95,9.06,53519200.0,0.0,1.0,7.2896174319602,7.3452633665554,7.114730208947,7.2021738204536,53519200.0
2012-07-25,9.17,9.2,8.9144,8.97,44338200.0,0.0,1.0,7.2896174319602,7.3134656896439,7.0864302764958,7.1306290474028,44338200.0
2012-07-26,9.05,9.11,8.83,8.96,51798900.0,0.0,1.0,7.1942244012258,7.241920916593,7.0193371782125,7.1226796281749,51798900.0
2012-07-27,8.99,9.1,8.88,9.0,67986800.0,0.0,1.0,7.1465278858585,7.2339714973651,7.0590842743519,7.1544773050864,67986800.0
2012-07-30,9.04,9.18,9.01,9.1,40958300.0,0.0,1.0,7.1862749819979,7.2975668511881,7.1624267243143,7.2339714973651,40958300.0
2012-07-31,9.13,9.28,9.12,9.24,41360900.0,0.0,1.0,7.2578197550487,7.3770610434669,7.2498703358209,7.3452633665554,41360900.0
2012-08-01,9.19,9.19,9.19,9.19,65973000.0,0.05,1.0,7.3452633665554,7.3452633665554,7.3452633665554,7.3452633665554,65973000.0
2012-08-02,8.99,9.03,8.82,8.92,45326500.0,0.0,1.0,7.1854099744649,7.217380652883,7.0495345911881,7.1294612872333,45326500.0
2012-08-03,9.02,9.15,8.96,9.09,38631400.0,0.0,1.0,7.2093879832785,7.3132926881373,7.1614319656514,7.2653366705101,38631400.0
2012-08-06,9.13,9.21,9.09,9.15,23819100.0,0.0,1.0,7.2973073489282,7.3612487057644,7.2653366705101,7.3132926881373,23819100.0
2012-08-07,9.18,9.39,9.18,9.31,43574500.0,0.0,1.0,7.3372706969508,7.5051167586458,7.3372706969508,7.4411754018096,43574500.0
2012-08-08,9.25,9.38,9.24,9.35,22630300.0,0.0,1.0,7.3932193841825,7.4971240890413,7.385226714578,7.4731460802277,22630300.0
2012-08-09,9.31,9.46,9.3,9.34,30909800.0,0.0,1.0,7.4411754018096,7.5610654458774,7.4331827322051,7.4651534106232,30909800.0
2012-08-10,9.3,9.36,9.23,9.35,19618800.0,0.0,1.0,7.4331827322051,7.4811387498322,7.3772340449734,7.4731460802277,19618800.0
2012-08-13,9.35,9.42,9.25,9.4,21122000.0,0.0,1.0,7.4731460802277,7.5290947674594,7.3932193841825,7.5131094282503,21122000.0
2012-08-14,9.45,9.66,9.42,9.44,21129500.0,0.0,1.0,7.5530727762729,7.7209188379679,7.5290947674594,7.5450801066684,21129500.0
2012-08-15,9.44,9.535,9.41,9.49,21308300.0,0.0,1.0,7.5450801066684,7.6210104679114,7.5211020978548,7.585043454691,21308300.0
2012-08-16,9.5,9.67,9.49,9.59,34323700.0,0.0,1.0,7.5930361242955,7.7289115075724,7.585043454691,7.6649701507362,34323700.0
2012-08-17,9.66,9.78,9.6,9.63,34533900.0,0.0,1.0,7.7209188379679,7.8168308732221,7.6729628203407,7.6969408291543,34533900.0
2012-08-20,9.58,9.64,9.51,9.63,38923800.0,0.0,1.0,7.6569774811317,7.7049334987588,7.6010287939001,7.6969408291543,38923800.0
2012-08-21,9.65,9.7,9.52,9.53,26281100.0,0.0,1.0,7.7129261683634,7.752889516386,7.6090214635046,7.6170141331091,26281100.0
2012-08-22,9.5,9.56,9.4,9.49,26965500.0,0.0,1.0,7.5930361242955,7.6409921419227,7.5131094282503,7.585043454691,26965500.0
2012-08-23,9.45,9.54,9.42,9.45,23537700.0,0.0,1.0,7.5530727762729,7.6250068027136,7.5290947674594,7.5530727762729,23537700.0
2012-08-24,9.42,9.52,9.41,9.49,19574600.0,0.0,1.0,7.5290947674594,7.6090214635046,7.5211020978548,7.585043454691,19574600.0
2012-08-27,9.51,9.52,9.38,9.39,22754200.0,0.0,1.0,7.6010287939001,7.6090214635046,7.4971240890413,7.5051167586458,22754200.0
2012-08-28,9.37,9.44,9.31,9.34,23084400.0,0.0,1.0,7.4891314194367,7.5450801066684,7.4411754018096,7.4651534106232,23084400.0
2012-08-29,9.33,9.4,9.29,9.32,26115700.0,0.0,1.0,7.4571607410187,7.5131094282503,7.4251900626006,7.4491680714141,26115700.0
2012-08-30,9.3,9.34,9.25,9.31,16459400.0,0.0,1.0,7.4331827322051,7.4651534106232,7.3932193841825,7.4411754018096,16459400.0
2012-08-31,9.39,9.43,9.31,9.34,28029200.0,0.0,1.0,7.5051167586458,7.5370874370639,7.4411754018096,7.4651534106232,28029200.0
2012-09-04,9.37,9.47,9.35,9.41,37965000.0,0.0,1.0,7.4891314194367,7.569058115482,7.4731460802277,7.5211020978548,37965000.0
2012-09-05,9.45,9.62,9.39,9.57,40608800.0,0.0,1.0,7.5530727762729,7.6889481595498,7.5051167586458,7.6489848115272,40608800.0
2012-09-06,9.66,9.96,9.66,9.915,67996400.0,0.0,1.0,7.7209188379679,7.9606989261035,7.7209188379679,7.9247319128832,67996400.0
2012-09-07,9.95,10.23,9.93,10.14,60617000.0,0.0,1.0,7.952706256499,8.1765010054256,7.93672091729,8.1045669789849,60617000.0
2012-09-10,10.08,10.28,10.06,10.11,43381300.0,0.0,1.0,8.0566109613578,8.2164643534482,8.0406256221487,8.0805889701713,43381300.0
2012-09-11,10.18,10.25,10.13,10.15,28165300.0,0.0,1.0,8.136537657403,8.1924863446347,8.0965743093804,8.1125596485894,28165300.0
2012-09-12,10.25,10.3,10.17,10.21,28046500.0,0.0,1.0,8.1924863446347,8.2324496926573,8.1285449877985,8.1605156662166,28046500.0
2012-09-13,10.2,10.38,10.12,10.34,50920200.0,0.0,1.0,8.152522996612,8.2963910494934,8.0885816397759,8.2644203710753,50920200.0
2012-09-14,10.41,10.57,10.39,10.53,55934300.0,0.0,1.0,8.320369058307,8.4482517719793,8.304383719098,8.4162810935613,55934300.0
2012-09-17,10.27,10.42,10.26,10.39,31922200.0,0.0,1.0,8.2084716838437,8.3283617279115,8.2004790142392,8.304383719098,31922200.0
2012-09-18,10.3,10.45,10.28,10.42,34937000.0,0.0,1.0,8.2324496926573,8.3523397367251,8.2164643534482,8.3283617279115,34937000.0
2012-09-19,10.49,10.66,10.45,10.59,42403000.0,0.0,1.0,8.3843104151432,8.52018579842,8.3523397367251,8.4642371111884,42403000.0
2012-09-20,10.48,10.52,10.35,10.44,28755100.0,0.0,1.0,8.3763177455386,8.4082884239567,8.2724130406799,8.3443470671206,28755100.0
2012-09-21,10.53,10.54,10.36,10.4,35459800.0,0.0,1.0,8.4162810935613,8.4242737631658,8.2804057102844,8.3123763887025,35459800.0
2012-09-24,10.3,10.395,10.26,10.32,28557900.0,0.0,1.0,8.2324496926573,8.3083800539002,8.2004790142392,8.2484350318663,28557900.0
2012-09-25,10.35,10.37,10.06,10.09,36866300.0,0.0,1.0,8.2724130406799,8.2883983798889,8.0406256221487,8.0646036309623,36866300.0
2012-09-26,9.98,10.12,9.86,10.01,44362600.0,0.0,1.0,7.9766842653126,8.0885816397759,7.8807722300583,8.0006622741261,44362600.0
2012-09-27,10.13,10.18,10.02,10.02,25740900.0,0.0,1.0,8.0965743093804,8.136537657403,8.0086549437307,8.0086549437307,25740900.0
2012-09-28,9.99,10.001,9.81,9.86,44586300.0,0.0,1.0,7.9846769349171,7.9934688714821,7.8408088820357,7.8807722300583,44586300.0
2012-10-01,9.89,10.08,9.88,9.93,33445600.0,0.0,1.0,7.9047502388719,8.0566109613578,7.8967575692674,7.93672091729,33445600.0
2012-10-02,10.01,10.05,9.71,9.79,63630000.0,0.0,1.0,8.0006622741261,8.0326329525442,7.7608821859905,7.8248235428267,63630000.0
2012-10-03,9.82,10.02,9.76,9.94,51023800.0,0.0,1.0,7.8488015516402,8.0086549437307,7.8008455340131,7.9447135868945,51023800.0
2012-10-04,10.06,10.15,9.96,10.11,46855500.0,0.0,1.0,8.0406256221487,8.1125596485894,7.9606989261035,8.0805889701713,46855500.0
2012-10-05,10.17,10.28,10.13,10.16,40693900.0,0.0,1.0,8.1285449877985,8.2164643534482,8.0965743093804,8.120552318194,40693900.0
2012-10-08,10.06,10.12,9.99,10.05,25473900.0,0.0,1.0,8.0406256221487,8.0885816397759,7.9846769349171,8.0326329525442,25473900.0
2012-10-09,10.21,10.25,10.02,10.1,38235700.0,0.0,1.0,8.1605156662166,8.1924863446347,8.0086549437307,8.0725963005668,38235700.0
2012-10-10,10.12,10.12,9.95,9.98,33951600.0,0.0,1.0,8.0885816397759,8.0885816397759,7.952706256499,7.9766842653126,33951600.0
2012-10-11,10.06,10.26,10.05,10.14,39328700.0,0.0,1.0,8.0406256221487,8.2004790142392,8.0326329525442,8.1045669789849,39328700.0
2012-10-12,10.14,10.25,10.09,10.12,24108500.0,0.0,1.0,8.1045669789849,8.1924863446347,8.0646036309623,8.0885816397759,24108500.0
2012-10-15,10.11,10.25,10.09,10.22,26466500.0,0.0,1.0,8.0805889701713,8.1924863446347,8.0646036309623,8.1685083358211,26466500.0
2012-10-16,10.26,10.32,10.22,10.3,32788400.0,0.0,1.0,8.2004790142392,8.2484350318663,8.1685083358211,8.2324496926573,32788400.0
2012-10-17,10.31,10.41,10.26,10.41,29346300.0,0.0,1.0,8.2404423622618,8.320369058307,8.2004790142392,8.320369058307,29346300.0
2012-10-18,10.36,10.57,10.33,10.43,44041700.0,0.0,1.0,8.2804057102844,8.4482517719793,8.2564277014708,8.336354397516,44041700.0
2012-10-19,10.42,10.43,10.13,10.1799,40493000.0,0.0,1.0,8.3283617279115,8.336354397516,8.0965743093804,8.136457730707,40493000.0
2012-10-22,10.14,10.2403,10.03,10.17,39149700.0,0.0,1.0,8.1045669789849,8.1847334551183,8.0166476133352,8.1285449877985,39149700.0
2012-10-23,10.02,10.11,9.97,10.0,32476500.0,0.0,1.0,8.0086549437307,8.0805889701713,7.968691595708,7.9926696045216,32476500.0
2012-10-24,10.08,10.29,10.01,10.17,49339800.0,0.0,1.0,8.0566109613578,8.2244570230527,8.0006622741261,8.1285449877985,49339800.0
2012-10-25,10.42,10.49,10.28,10.39,59290900.0,0.0,1.0,8.3283617279115,8.3843104151432,8.2164643534482,8.304383719098,59290900.0
2012-10-26,10.35,10.42,10.22,10.36,43485500.0,0.0,1.0,8.2724130406799,8.3283617279115,8.1685083358211,8.2804057102844,43485500.0
2012-10-31,10.7,11.17,10.6,11.16,137960900.0,0.05,1.0,8.5904725900856,8.9678111057249,8.5101877995241,8.9597826266687,137960900.0
2012-11-01,11.19,11.3,10.88,11.25,88770100.0,0.0,1.0,8.9838680638372,9.0721813334549,8.7349852130964,9.0320389381741,88770100.0
2012-11-02,11.31,11.38,11.15,11.17,53399000.0,0.0,1.0,9.080209812511,9.1364091659041,8.9517541476126,8.9678111057249,53399000.0
2012-11-05,11.15,11.35,11.13,11.25,37995000.0,0.0,1.0,8.9517541476126,9.1123237287357,8.9356971895003,9.0320389381741,37995000.0
2012-11-06,11.33,11.59,11.26,11.42,51232200.0,0.0,1.0,9.0962667706234,9.3050072260834,9.0400674172303,9.1685230821288,51232200.0
2012-11-07,11.25,11.34,11.04,11.06,56674900.0,0.0,1.0,9.0320389381741,9.1042952496795,8.8634408779949,8.8794978361072,56674900.0
2012-11-08,11.07,11.23,10.89,10.9,45948800.0,0.0,1.0,8.8875263151633,9.0159819800618,8.7430136921525,8.7510421712087,45948800.0
2012-11-09,10.76,11.1,10.71,10.93,40703600.0,0.0,1.0,8.6386434644225,8.9116117523318,8.5985010691418,8.7751276083772,40703600.0
2012-11-12,11.03,11.16,10.96,10.97,25723100.0,0.0,1.0,8.8554123989387,8.9597826266687,8.7992130455456,8.8072415246018,25723100.0
2012-11-13,10.89,11.1,10.86,11.0,33342900.0,0.0,1.0,8.7430136921525,8.9116117523318,8.7189282549841,8.8313269617702,33342900.0
2012-11-14,11.02,11.05,10.62,10.67,45664700.0,0.0,1.0,8.8473839198826,8.871469357051,8.5262447576364,8.5663871529171,45664700.0
2012-11-15,10.57,10.8,10.46,10.57,48879800.0,0.0,1.0,8.4861023623556,8.6707573806472,8.3977890927379,8.4861023623556,48879800.0
2012-11-16,10.58,10.64,10.38,10.5,45346200.0,0.0,1.0,8.4941308414117,8.5423017157487,8.3335612602887,8.4299030089625,45346200.0
2012-11-19,10.65,10.9,10.65,10.83,39359100.0,0.0,1.0,8.5503301948048,8.7510421712087,8.5503301948048,8.6948428178156,39359100.0
2012-11-20,10.85,11.02,10.76,10.85,34739800.0,0.0,1.0,8.7108997759279,8.8473839198826,8.6386434644225,8.7108997759279,34739800.0
2012-11-21,10.84,11.0,10.8,10.92,21181700.0,0.0,1.0,8.7028712968718,8.8313269617702,8.6707573806472,8.767099129321,21181700.0
2012-11-23,10.98,11.1,10.96,11.1,16032200.0,0.0,1.0,8.8152700036579,8.9116117523318,8.7992130455456,8.9116117523318,16032200.0
2012-11-26,11.05,11.14,10.97,11.105,26831700.0,0.0,1.0,8.871469357051,8.9437256685564,8.8072415246018,8.9156259918599,26831700.0
2012-11-27,11.1,11.27,11.1,11.1,37610000.0,0.0,1.0,8.9116117523318,9.0480958962864,8.9116117523318,8.9116117523318,37610000.0
2012-11-28,11.05,11.26,10.98,11.25,38496900.0,0.0,1.0,8.871469357051,9.0400674172303,8.8152700036579,9.0320389381741,38496900.0
2012-11-29,11.32,11.53,11.32,11.53,57289300.0,0.0,1.0,9.0882382915672,9.2568363517465,9.0882382915672,9.2568363517465,57289300.0
2012-11-30,11.52,11.6,11.33,11.45,41329600.0,0.0,1.0,9.2488078726903,9.3130357051395,9.0962667706234,9.1926085192972,41329600.0
2012-12-03,11.56,11.7,11.4,11.41,47746300.0,0.0,1.0,9.2809217889149,9.3933204957011,9.1524661240164,9.1604946030726,47746300.0
2012-12-04,11.4,11.44,11.23,11.31,37760200.0,0.0,1.0,9.1524661240164,9.1845800402411,9.0159819800618,9.080209812511,37760200.0
2012-12-05,11.32,11.4,11.18,11.31,33152400.0,0.0,1.0,9.0882382915672,9.1524661240164,8.975839584781,9.080209812511,33152400.0
2012-12-06,11.26,11.31,11.19,11.24,31065800.0,0.0,1.0,9.0400674172303,9.080209812511,8.9838680638372,9.024010459118,31065800.0
2012-12-07,11.27,11.5,11.26,11.48,38404500.0,0.0,1.0,9.0480958962864,9.232750914578,9.0400674172303,9.2166939564657,38404500.0
2012-12-10,11.41,11.53,11.41,11.47,26025200.0,0.0,1.0,9.1604946030726,9.2568363517465,9.1604946030726,9.2086654774095,26025200.0
2012-12-11,11.51,11.58,11.4,11.49,36326900.0,0.0,1.0,9.2407793936341,9.2969787470272,9.1524661240164,9.2247224355218,36326900.0
2012-12-12,11.52,11.56,11.43,11.47,31099900.0,0.0,1.0,9.2488078726903,9.2809217889149,9.1765515611849,9.2086654774095,31099900.0
2012-12-13,11.461,11.5,11.21,11.27,35443200.0,0.0,1.0,9.201439846259,9.232750914578,8.9999250219495,9.0480958962864,35443200.0
2012-12-14,11.27,11.27,11.03,11.1,36933500.0,0.0,1.0,9.0480958962864,9.0480958962864,8.8554123989387,8.9116117523318,36933500.0
2012-12-17,11.16,11.41,11.14,11.39,46983300.0,0.0,1.0,8.9597826266687,9.1604946030726,8.9437256685564,9.1444376449603,46983300.0
2012-12-18,11.48,11.68,11.4,11.67,61810400.0,0.0,1.0,9.2166939564657,9.3772635375888,9.1524661240164,9.3692350585326,61810400.0
2012-12-19,11.79,11.85,11.62,11.73,54884700.0,0.0,1.0,9.4655768072065,9.5137476815434,9.3290926632518,9.4174059328695,54884700.0
2012-12-20,11.74,11.8,11.58,11.77,47750100.0,0.0,1.0,9.4254344119257,9.4736052862626,9.2969787470272,9.4495198490942,47750100.0
2012-12-21,11.55,11.86,11.47,11.86,94489300.0,0.0,1.0,9.2728933098588,9.5217761605996,9.2086654774095,9.5217761605996,94489300.0
2012-12-24,11.67,12.4,11.67,12.4,91734900.0,0.0,1.0,9.3692350585326,9.9553140296319,9.3692350585326,9.9553140296319,91734900.0
2012-12-26,12.31,12.79,12.31,12.79,140331900.0,0.0,1.0,9.8830577181265,10.268424712822,9.8830577181265,10.268424712822,140331900.0
2012-12-27,12.79,12.81,12.36,12.76,108315100.0,0.0,1.0,10.268424712822,10.284481670934,9.9232001134073,10.244339275653,108315100.0
2012-12-28,12.545,12.88,12.52,12.87,95668600.0,0.0,1.0,10.071726975946,10.340681024327,10.051655778306,10.332652545271,95668600.0
2012-12-31,12.88,13.08,12.76,12.95,106908900.0,0.0,1.0,10.340681024327,10.50125060545,10.244339275653,10.39688037772,106908900.0
